"id","name","lastname","phone","street","city","buildingNumber"
"1","Basilia","Wunsch","257-438-7832","4203 Olson Coves","North Carlihaven","23"
"2","Trena","Deckow","288.997.1985","552 Issac Key","Watersmouth","20"
"3","Ralph","Bayer","256-205-9332","305 Norbert Pine","Mannside","94"
"4","Veola","McKenzie","(676) 291-2337 x8116","8622 Waters Parkways","Tawannaland","66"
"5","Hassan","Hansen","1-542-391-5199 x348","2605 Angle Trace","New Kennethbury","64"
"6","Vernon","Glover","941.604.8955","171 Kayla Falls","Medhurstberg","92"
"7","Milo","Mann","(566) 731-4081 x854","229 Wolff Isle","Howellmouth","99"
"8","Vernia","Kreiger","718-695-9864","2461 Shelby Walk","West Monique","53"
"9","Norman","Hegmann","1-044-995-3633 x25483","613 Britteny Port","North Leonland","55"
"10","Pablo","Goldner","090-448-5384","508 Ashlea Coves","South Tommie","29"
"11","Felipe","Streich","565.720.9749","38326 Hauck Field","Lake Audrabury","37"
"12","Darlene","Feeney","516.782.4704","935 Ondricka Tunnel","West Cherish","18"
"13","Ezekiel","Schulist","1-687-568-7038 x3835","230 Giuseppe Underpass","Doyleport","1"
"14","Roger","Ebert","1-647-522-7431 x5662","87818 Katia Knolls","Dustinville","0"
"15","Steve","Ernser","1-109-172-3337 x23129","0302 Stroman Lock","Amalland","19"
"16","Rocco","Casper","796.214.9432","24487 Mueller Crossroad","Lake Sidney","54"
"17","Chantel","Cronin","302-039-3422","0657 Kassulke Locks","Walterstad","46"
"18","Herschel","Thiel","446.996.4353 x1106","0789 Medhurst Ford","South Sherlyn","15"
"19","Porter","Pfeffer","(288) 280-2398","3308 Kerluke Drive","Port Una","70"
"20","Bethann","Bartell","510-069-7663 x4875","97860 Simon Terrace","New Deandre","90"
"21","Richard","Prosacco","635.658.7669 x242","1005 Cummings Ford","Rivaport","99"
"22","Clyde","Reichert","270-609-4086 x162","36606 Harris Crest","Yostmouth","25"
"23","Yolande","Frami","1-964-451-3967 x6730","011 Allie Locks","Sadieview","11"
"24","Lorenza","Keeling","1-289-374-1211 x406","68455 Funk Parkway","Port Rosalva","34"
"25","Carlo","Sporer","751.782.6714","8722 Toy Cliff","Lake Arvillaburgh","39"
"26","Kimberlee","Daugherty","(137) 140-7895 x825","98252 Thiel Well","Pennyfurt","20"
"27","Wes","Bernier","(659) 144-0367 x010","635 Smith Cliffs","Quitzonville","13"
"28","Jefferey","Wyman","1-021-597-7590","907 Stoltenberg Cove","Sheryllfort","13"
"29","Madeleine","Pagac","881-129-2283","11063 Metz Unions","South Arminda","60"
"30","Zenia","Cummerata","(779) 271-5516","07788 Claribel Vista","North Sethhaven","47"
"31","Robbi","Sipes","912.753.4895 x40605","28704 Boehm Manor","New Ambroseborough","24"
"32","Dale","Quitzon","1-173-614-5285 x19853","1494 Elke Centers","Dickiberg","29"
"33","Edra","Abshire","685.583.0260 x89574","9528 Marybeth Plain","Blockchester","88"
"34","Kaycee","Oberbrunner","016.877.0322 x5942","06715 Strosin Motorway","Howebury","64"
"35","Azucena","Okuneva","1-992-791-4629","01927 Champlin Underpass","Port Thadstad","95"
"36","Cheryle","Lesch","1-013-316-3522 x106","8027 Rau Union","Port Danehaven","59"
"37","Alvina","Nader","286-348-9288 x6602","9849 Grant Brooks","Port Mathildashire","91"
"38","Quincy","Raynor","1-018-463-9276","5223 Stella Inlet","Jacobiview","68"
"39","Shani","Dare","223-809-6951 x522","673 Larson Street","North Darioburgh","43"
"40","Johnathan","Roob","461.265.1424","7763 Murazik Plains","Bartonshire","42"
"41","Nereida","Olson","655.608.1953","83337 Streich Gardens","Trudiside","47"
"42","Tomas","Kuhic","(556) 571-2897 x1559","4029 Prosacco Crossing","Tonyachester","47"
"43","Laree","Toy","282.855.1051 x76104","627 Abernathy Streets","Columbusborough","31"
"44","Ferdinand","Pfeffer","1-041-408-4663 x758","95146 Wilkinson Glen","Diannabury","16"
"45","Nicolas","Rosenbaum","1-210-338-0419 x58604","9485 Anne Flats","New Tony","55"
"46","Xochitl","Hettinger","394-522-4781 x053","9922 Cormier View","New Edwardo","78"
"47","Amiee","Heathcote","1-511-193-6083 x984","4819 Valeria Mill","New Sandy","20"
"48","Benedict","Parker","(841) 573-6982 x01981","04112 Birdie Fords","Muellerfort","17"
"49","Myles","Aufderhar","(252) 479-3362 x456","0665 Zemlak Roads","East Willena","16"
"50","Lasandra","Erdman","(849) 575-3430","92620 Gottlieb Crest","North Betteborough","98"
"51","Charlesetta","Conn","399.938.0407 x31253","390 Guy Stravenue","Lake Mitchell","77"
"52","Clyde","Wolff","(823) 266-8047 x366","56161 Kunze Summit","Norineport","63"
"53","Keith","McCullough","1-955-180-3559 x04294","42976 Shavon Ports","Sigridborough","80"
"54","Jimmie","Kozey","102.843.5100 x36205","144 Hansen Union","New Yelena","26"
"55","Elaine","Lubowitz","255-759-2237","3675 Parker Manor","Rennerville","14"
"56","Trinity","Mraz","(213) 950-8929 x8432","2176 Bruce Ramp","Port Tonette","62"
"57","Darnell","Lynch","964-387-9760","75212 Joann Green","New Remona","24"
"58","Johnsie","Murphy","(226) 430-1548 x25002","866 Jessie Drive","Wendellland","47"
"59","Mariel","Volkman","088-413-7732 x357","7745 Orn Place","East Federicomouth","5"
"60","Andrew","Hermann","(806) 199-1932","86550 Walker Station","Zemlakton","54"
"61","Johnna","DuBuque","452-043-4592","09680 Jamar Locks","Port Gene","80"
"62","Elin","Keeling","1-833-382-9318 x485","892 Doyle Port","South Nildaland","70"
"63","Frances","Moen","(871) 180-7011 x57703","103 Wolff Burgs","Emilland","92"
"64","Quintin","Hilll","(769) 435-6741","23527 Emard Island","East Henry","13"
"65","Bethanie","Goldner","1-161-308-4668 x800","387 Rayford Falls","Wisozktown","84"
"66","Myrtice","Wunsch","160.276.7953 x30322","33758 Glover Flats","Yongborough","51"
"67","Rachel","Dicki","1-237-398-3676 x15119","51152 Ivelisse Via","Bobbiechester","28"
"68","Hunter","Hermiston","(022) 236-0501 x299","3575 Henry Roads","Todborough","17"
"69","Ernie","Monahan","1-720-011-6392 x50095","4248 Schmeler Cape","Lake Zonafurt","28"
"70","Dana","Beer","120-207-5488","83555 Swift Heights","Mooretown","84"
"71","Donald","Borer","(025) 063-0096 x331","6089 Shanahan Spur","North Sana","26"
"72","Lindsay","Weimann","1-687-415-1402","1971 Gislason Unions","Burlfort","58"
"73","Gilberto","Runolfsson","1-088-688-3251","732 Schowalter Ville","East Emelina","77"
"74","Yoshiko","Bogisich","(344) 338-2650 x0581","46783 Rachael Ferry","North Chanel","14"
"75","Monnie","Padberg","439-350-4575 x5381","7450 Stehr Trafficway","Aronland","81"
"76","Malcom","Cassin","780.284.1959 x323","67366 Willis Rue","West Rosariomouth","5"
"77","Pearlene","Green","1-612-115-9717","31465 Renner Shore","West Ena","55"
"78","Judie","Cartwright","1-159-115-6442 x8480","255 Reinaldo Alley","O'Haraport","98"
"79","Loura","Hoeger","291.464.2379 x1997","42805 Kuhlman Gateway","North Yuk","30"
"80","Lawrence","Herzog","(018) 190-8543 x46015","168 Keeling Plains","New Irena","25"
"81","Shanita","Rohan","279-898-7018 x5790","485 Corie Shores","New Ignacio","55"
"82","Renay","Waelchi","1-211-087-2057 x43662","92738 Schinner Overpass","Kihnton","43"
"83","Ivelisse","Towne","637.457.1448 x43679","5414 Britt Route","New Damian","26"
"84","Eddie","Fahey","379.396.9663 x667","4450 Steven Gardens","West Virgilmouth","81"
"85","Andreas","Shanahan","929.932.6773 x02988","695 Lou Expressway","Skilesbury","95"
"86","Ahmad","Cummings","(495) 857-9576","898 Gregg Overpass","Gleichnerside","1"
"87","Staci","Hessel","(156) 798-7739 x318","98204 Murazik Vista","New Alycechester","95"
"88","Latrisha","Bailey","(393) 877-1490 x2233","5927 Goyette Trail","Lake Herta","48"
"89","Taren","Dach","1-645-813-9450","4420 Harrison Brooks","New Madge","70"
"90","Tommie","Mertz","1-435-304-5723 x2494","86477 Bauch Ports","North Gwenstad","47"
"91","Mozelle","Purdy","(966) 770-7414 x7483","86663 Langosh Hills","South Ashleyhaven","47"
"92","Deon","Okuneva","195-806-9479 x079","413 Kub Spurs","Lindsayburgh","77"
"93","Krishna","Harvey","057.596.3606 x5116","2263 Erdman Roads","South Nancie","13"
"94","Geraldo","Friesen","443-254-9381 x171","6864 Durgan Spur","Kochview","98"
"95","Rolland","Larson","182.552.8409","182 Damon Path","Rogahnfort","78"
"96","Lovella","Breitenberg","1-820-016-4654 x22755","120 Lavern Keys","North Malcom","95"
"97","Alexis","Schoen","(538) 440-7976 x7997","09977 Magdalene Lock","New Orlando","19"
"98","Reinaldo","Wisozk","125.804.2607 x7317","96183 Bunny Brooks","Mathildeside","56"
"99","Vincenzo","Pouros","(351) 589-7519","439 Myrl Port","Williamsonville","25"
"100","Colby","Stoltenberg","(972) 616-2390 x563","9913 Schultz Mountain","Lake Cristobal","39"
"101","Ruben","Toy","383-068-0939","29891 Isadora Summit","Lake Camelliabury","78"
"102","Lynelle","Rath","844-051-8606","95391 Karry Ports","Grimestown","97"
"103","Jude","Hoppe","1-460-504-5042 x462","19779 Dickens Trail","Boehmside","20"
"104","Jack","Langosh","1-805-066-7589 x21085","369 Shonna Crossing","Herzogfort","35"
"105","Steven","Kemmer","790.645.4829","679 Brown Meadow","New Moses","94"
"106","Gerard","Borer","(442) 358-2005","0845 Conroy Pine","Desiraetown","38"
"107","Christian","Runolfsson","1-601-302-7742","569 Hintz Circles","Leeannaland","49"
"108","Wilton","Lesch","1-486-186-5277 x94204","5526 Kirlin Course","Crooksfort","31"
"109","Deangelo","Legros","(039) 849-8659","50992 Hang Meadow","East Oliver","14"
"110","Williemae","Maggio","1-673-276-5457 x66182","6387 Feeney Spring","Nadiatown","37"
"111","Meaghan","Bergnaum","(790) 295-6915","773 Balistreri Squares","New Mylesside","20"
"112","Shantay","Miller","570-241-8747 x4536","5308 Schimmel Crossing","Ornborough","36"
"113","Hallie","Wiegand","(516) 491-4870 x45735","4683 Huel Tunnel","East Al","91"
"114","Corrin","Sipes","(322) 378-6241 x31920","2818 Hoeger Burgs","West Jazmineside","68"
"115","Toby","Klein","832.883.0374 x8540","835 Ozell Club","Nadermouth","15"
"116","Melaine","Carroll","387.492.1937 x2487","25011 Jay Land","West Romeo","67"
"117","Shondra","Johnston","(131) 822-0937 x592","91360 Block Court","Kemmerview","16"
"118","Hobert","Schmitt","1-165-498-7395 x7342","66597 Kerluke Lake","East Luciennefurt","43"
"119","Jacob","Waelchi","1-702-633-1885","45419 Nydia Haven","Luettgenfurt","30"
"120","Arturo","Koelpin","714-831-3578","93779 Noel Oval","Ondrickaville","95"
"121","Eveline","Bradtke","815-440-9247","411 Treutel Inlet","South Jeremyfurt","44"
"122","Ralph","Hilll","503.066.5282 x2845","57025 Justin Haven","West Bariville","23"
"123","Lynda","Marks","267.344.9315 x71962","51454 Wilderman Way","East Kristineberg","34"
"124","Conrad","Dare","428.104.0966","92524 Zana Spring","Tierrafurt","35"
"125","Trinh","Frami","(343) 923-2487 x0333","6764 Cordia Street","New Reggie","3"
"126","Elmo","Glover","1-279-362-9938 x22295","734 Philip Haven","Granthaven","95"
"127","Loretta","Hills","481-965-4692 x5972","89177 Earnest Isle","Cummeratamouth","61"
"128","Taylor","Emard","232.135.4555 x800","3339 Alonso Trail","Celenaside","99"
"129","Lani","Hyatt","1-620-522-8946","25670 Kuvalis Trail","Beahanshire","21"
"130","Veta","Berge","1-617-107-3709","8231 Daugherty Lakes","Ahmedmouth","36"
"131","Basil","Borer","1-708-158-3805","118 Hettinger Ridges","Willianhaven","60"
"132","Eunice","Bahringer","329.691.1230","62922 Luettgen Points","West Gertrudeburgh","9"
"133","Dominick","Brekke","(288) 720-1088 x02328","59815 Modesto Crossing","Cristton","66"
"134","Darcy","Kilback","358.291.6244","24143 Hilaria Ports","West Isobelmouth","20"
"135","Wyatt","Ortiz","844-936-3165 x460","37374 Rolfson Cove","Schummhaven","70"
"136","Evelina","Reichel","(785) 477-2329","1777 Petronila Spring","South Arthurfort","97"
"137","Denna","Lindgren","(675) 241-3783 x1708","226 Carlos Forks","Gutmannmouth","48"
"138","Royce","Kunze","237-929-2261","87001 Herbert View","Lake Toneyport","44"
"139","Moses","Toy","1-802-829-6587 x9024","10736 Inez Burg","Reichelside","39"
"140","Williams","Lynch","097-931-8673 x53519","1263 Brown Village","Purdyside","21"
"141","Elaine","Pagac","130-749-2583","870 Champlin Village","Lincolnmouth","23"
"142","Martina","Johnson","1-831-718-4032","1959 Green Cove","Trompmouth","59"
"143","Marget","Ernser","(964) 860-8636","260 Latoria Forges","Freddieton","32"
"144","Pamela","Friesen","299.071.2104 x260","367 Ahmed Camp","MacGyverfurt","13"
"145","Hermelinda","Kunze","(466) 369-9658 x01377","6534 Clifton View","South Trudieton","73"
"146","Shin","Zboncak","(919) 967-5995 x0814","308 Waelchi Pike","Lake Marcview","49"
"147","Hung","Mann","1-884-510-4414","0924 Bailey Fields","Thereseburgh","79"
"148","Tracy","Balistreri","(526) 808-5335 x9051","3918 O'Reilly Club","Elsystad","54"
"149","Annis","Ryan","(930) 330-4486 x0125","171 Nienow Neck","North Edraport","95"
"150","Laverne","Gerlach","176.431.3884 x659","95550 Gregg Knoll","Lake Laverneport","58"
"151","Felicitas","Auer","1-028-589-1039 x051","1562 Friesen Circle","South Juliannfort","74"
"152","Kyle","Kuvalis","676.659.6232 x0132","9596 Reinger Terrace","North Filomena","31"
"153","Kristina","Rippin","537-484-4205 x909","31310 Lesch Path","Kimtown","43"
"154","Randall","Adams","1-759-076-9461","4860 Sheldon Wells","Jonesborough","83"
"155","Kirk","Labadie","(113) 144-5931","34420 Koss Passage","East Rosendostad","44"
"156","Dewitt","Brekke","1-526-643-5733 x8300","2591 Francisco Ridge","West Logan","4"
"157","Bennie","Price","113.329.0369","5603 Moen Lodge","North Joel","52"
"158","Britney","Nienow","504-506-5917 x61763","563 Gayle Hollow","Lake Ginetteton","18"
"159","Rosemary","Wilderman","1-253-667-2871 x670","677 Vern Springs","Shelialand","59"
"160","Angelo","Nolan","268-912-0928 x27941","4589 Wolf Mills","New Efrain","55"
"161","Laine","Gleichner","006-713-8354 x77694","1089 Milan Route","New Elinaland","35"
"162","Oda","Morar","392-207-7988","7435 Lynch Trail","Leofort","83"
"163","Eveline","Lind","596.856.4687 x575","45486 Wiegand Landing","South Andreas","98"
"164","Laquita","Berge","249-524-3546 x6152","668 Kertzmann Oval","Yundtfurt","33"
"165","Beula","Jacobs","869-061-4775 x15323","6159 Waltraud Greens","Albertoside","48"
"166","Daren","Berge","177.417.6015","404 Bethel Path","South Katharinemouth","27"
"167","Harlan","Steuber","780.128.3548","13850 Garnett Curve","Vertieburgh","18"
"168","Lawanna","D'Amore","1-075-024-3354 x4256","14890 Kilback Well","North Pearlineview","87"
"169","Lilliam","Dicki","1-053-968-4176","579 Melodie Views","Mayeland","62"
"170","Gustavo","Beier","480.042.0484 x480","27582 Flatley Spring","Monahanfort","3"
"171","Geneva","Kreiger","229-645-4477","45693 Stroman Shoals","Terrencefurt","42"
"172","Jerry","Crooks","1-463-015-2442 x135","3102 Connelly Stravenue","South Leontinechester","42"
"173","Elvis","Hamill","458.400.6409 x6138","1869 Karena Ranch","New Emileeville","91"
"174","Donnie","Feeney","430-617-1576","517 Rigoberto Ford","Nenitamouth","20"
"175","Jean","Kilback","(326) 135-4793","053 Vernon Center","Schmelerfurt","80"
"176","Glory","Stiedemann","(742) 278-9998","82898 Torp Islands","Joanaview","84"
"177","Clifford","Skiles","665.994.0841","0331 Brekke Rapid","Blondellmouth","77"
"178","Deedra","Mueller","335.068.0920","89355 Hermila Stream","Port Lieselotte","33"
"179","Adalberto","Wiza","151.943.3482 x6721","659 Mike Drive","Swaniawskiborough","28"
"180","Shantel","Blick","(422) 012-8742","19109 Schowalter Spurs","Sherisebury","42"
"181","Luigi","Mills","431.599.9487 x83130","54705 Hyatt Viaduct","Bergeborough","78"
"182","Laveta","Kling","138-280-4155 x3500","13478 Augustus Junctions","East Stanford","56"
"183","Abel","VonRueden","599.904.8828","3296 Ronda Ports","Alyseshire","3"
"184","Richie","Carroll","1-130-695-1164 x5369","6959 Ritchie Mills","Johnstontown","57"
"185","Charlie","Hegmann","275.013.8520","01356 Pearle Unions","Prosaccofurt","58"
"186","Sherryl","Schowalter","(923) 354-7111 x761","110 Lamont Tunnel","North Na","94"
"187","Bill","Muller","241.673.5576 x661","97286 Muller Mountain","East Rosaura","99"
"188","Annamae","Yost","(650) 840-4229 x27929","104 Brain Landing","Guyfort","55"
"189","Otilia","Feest","488.063.6044","02069 Sidney Pines","New Whitney","33"
"190","Lester","Krajcik","(654) 194-1801 x229","97782 Heller Dam","Port Whitneybury","92"
"191","Myesha","Kutch","(738) 100-0299 x3555","4726 Sharika Highway","Carsonstad","89"
"192","Melvin","Nitzsche","(015) 441-0978","36174 Ashli Mountain","New Leeland","91"
"193","Toby","Bahringer","(350) 437-8402 x8523","287 Hayes Ways","West Shirelymouth","3"
"194","Tammara","Steuber","675.285.0158","6788 German Mission","West Kimbra","5"
"195","Jessie","Ankunding","297-606-1538 x4414","60890 Veum Ways","Gerholdberg","39"
"196","Adriane","Haag","009.772.4519 x99537","8461 Hayden Flat","Annamariaport","98"
"197","Michelina","O'Hara","1-533-989-7752","347 Labadie Path","Port Natacha","46"
"198","Kenneth","Little","187.370.3669","5454 Hirthe Square","West Esteban","7"
"199","Darius","Zulauf","1-623-166-0376","8548 Mason Crossing","Gabriellaside","7"
"200","Flossie","Willms","1-719-176-8898 x73757","44581 Wolff Point","Rauside","9"
"201","Christopher","Zboncak","1-879-132-0106 x24239","02496 Volkman Glens","Shantelletown","74"
"202","Jim","Turcotte","(103) 311-9036 x825","3299 Rubie Station","Port Trinidadville","19"
"203","Micheal","Willms","(300) 888-0698 x4705","8189 Christiansen Mount","East Athenaborough","7"
"204","Les","Hills","471.280.2920","839 Osinski Wall","Port Coleman","12"
"205","Vina","Adams","617.748.7555 x518","634 Lula Junctions","West Chuck","21"
"206","Phillip","Block","1-189-274-8917 x9017","0347 Edmund Mountains","Beahanstad","62"
"207","Stephan","Barton","1-488-974-2562 x782","54739 Corkery Shoals","North Granvilleton","44"
"208","Micah","Lueilwitz","444.145.8542","27757 Daphine Rapid","West Son","40"
"209","Laure","Emard","431.926.5719","97004 Heaney Ports","Lake Dorris","84"
"210","Odessa","Tillman","042.160.1301","40548 Alleen Prairie","Jenettechester","30"
"211","Babette","Schroeder","251-215-3978","55312 Gleason Mission","Antonborough","49"
"212","Priscila","Anderson","955-776-2649 x06225","70986 Kasha Turnpike","East Ivanbury","26"
"213","Donita","Cremin","495-963-9768 x073","424 Emilio Field","Wintheiserberg","1"
"214","Adele","Ratke","983.285.9626 x93668","053 Hilario Manors","Quinnshire","66"
"215","Lisbeth","Purdy","553.366.4788","2328 Langosh Circles","South Keneth","39"
"216","Humberto","Sauer","(997) 947-3686 x2982","462 Hayes River","Hectorburgh","0"
"217","Alexia","MacGyver","1-938-288-4849","78422 O'Keefe Divide","Sergiostad","92"
"218","Myrl","Toy","(264) 687-6561 x0327","1302 D'Amore Pine","North Kyungbury","10"
"219","Dorothy","Hayes","366.846.8698","569 Langworth Point","East Jimmie","94"
"220","Jacquelin","Schuppe","342.853.4256 x881","9928 Wyman Forks","Hahnmouth","51"
"221","Gavin","Franecki","(682) 081-7607 x8072","7252 Dooley Wall","Scottieland","39"
"222","Jaime","Bailey","930-814-7582 x76481","866 Maye Mount","Casperview","87"
"223","Aron","Haag","802-610-6584","9814 Horace Plain","Port Erickshire","29"
"224","Lita","Russel","363.185.7197","5995 Basil Harbor","Port Dong","33"
"225","Ross","Rosenbaum","1-635-235-2998 x626","1072 Patience Islands","Lake Pearly","63"
"226","Reuben","Stamm","(374) 297-3833 x0417","201 Lehner Trace","West Felix","74"
"227","Don","Purdy","(158) 134-7427 x9161","41337 Gleichner Fords","Wittingberg","83"
"228","Yevette","Homenick","(242) 821-0516 x7920","81294 Sawayn Fork","New Nelliechester","67"
"229","Will","Abernathy","214-348-7863 x1116","456 Boyle Pines","East Sherika","97"
"230","Saundra","Zieme","131.830.9538 x062","883 Mao Springs","Kubville","43"
"231","Monty","Stehr","1-471-198-5815 x3680","1995 Ted Rapid","Michealmouth","58"
"232","Madison","Stiedemann","(108) 908-7838 x592","495 Ira Summit","Dachville","98"
"233","Tabatha","Murazik","745-168-4260","968 Stracke Landing","Deangelohaven","25"
"234","Rudolf","Streich","(837) 038-2564 x71254","3647 Louis Ford","East Ceciliafurt","49"
"235","Carolann","Bayer","247.808.1238","59571 Predovic Viaduct","Melfort","37"
"236","Kelly","O'Connell","225-702-6011 x9090","832 Schimmel Pike","New Charley","98"
"237","Morgan","Armstrong","(126) 539-5893","36746 Eugenio Locks","Benniehaven","63"
"238","Alla","Funk","876.828.3485 x095","8369 Wintheiser Keys","Lake Del","88"
"239","Gustavo","Sipes","(507) 434-6273","12917 Walter Drive","Pagactown","82"
"240","Devin","Pagac","845-064-4059","10064 Gusikowski Ridge","East Tamibury","84"
"241","Marni","MacGyver","(265) 605-0624 x50344","6941 Adams Mountains","Creminfort","74"
"242","Mason","Haley","126.702.4392 x31135","924 Skiles Fork","Lake Lyndon","19"
"243","Tristan","White","403.634.8556 x48604","119 Gibson Squares","Darellmouth","29"
"244","Noble","Stanton","(168) 271-9311","3766 Sharell Villages","West Kendall","64"
"245","Kory","Bogan","(468) 363-8452 x56807","7445 Quigley View","East Ashleyton","12"
"246","Slyvia","Schmidt","213.622.1432","363 Jamison Trace","Tamicabury","56"
"247","Etta","Ledner","033.702.8577 x884","17750 Sau Lakes","Port Eugena","27"
"248","Reggie","Schinner","580.313.8008","0903 Dietrich Brook","Lake Ryan","22"
"249","Shirley","Crona","243-093-3156 x3628","28684 Lynn Walks","New Lulaport","30"
"250","Kip","Reilly","1-359-049-3421","988 Lanie Tunnel","Sipesville","99"
"251","Helaine","Walter","1-975-696-7730 x8674","6670 Bobbie Coves","Port Jamietown","50"
"252","Rosette","Boehm","586.497.7114 x996","64447 Mayer Prairie","New Eddyshire","60"
"253","Latonia","O'Kon","429.002.0480","6879 Kihn Ports","New Mike","6"
"254","Hilma","Muller","1-745-765-3672 x9435","1367 Winter Crest","East Whitneyshire","21"
"255","Melba","VonRueden","935.400.8447","043 Pollich Path","Terrancemouth","13"
"256","Stefan","Lockman","834-111-9673 x7279","6482 Anderson Walk","Framifort","89"
"257","Karolyn","Cummerata","1-127-181-5972 x8968","679 Gilda Dam","Port Starlaview","33"
"258","Vaughn","Cole","(386) 341-7266 x1864","965 Herman Mews","Lake Malisa","97"
"259","Karol","Littel","395.261.5111 x6454","526 D'Amore Crescent","North Vernon","52"
"260","Malcom","Baumbach","(062) 617-9280","403 Hauck Locks","North Jeanice","51"
"261","Dianna","White","618-422-0462 x19210","726 Flo Turnpike","Leschmouth","2"
"262","Thuy","Morar","1-933-441-0520 x2171","5698 Leroy Greens","Waelchifurt","79"
"263","Garland","Murray","272.373.1357 x443","6127 Kerry Canyon","Schummfurt","86"
"264","Jesusita","Hirthe","238-832-9822","2569 Lindsey Course","Cormierstad","47"
"265","Tiera","Beier","1-384-133-2462 x5989","0788 Crystle Plains","Laelside","10"
"266","Nell","Altenwerth","011-006-9838 x0597","112 Daniel Highway","Toriborough","15"
"267","Olevia","Hermiston","1-108-475-7255 x479","115 Hulda Roads","East Bobbyeshire","47"
"268","Michael","Cremin","549.663.1769 x732","239 Brice Route","Christiantown","14"
"269","Awilda","Farrell","1-994-075-7705","015 Hahn Unions","New Deann","89"
"270","Clifton","Adams","(746) 933-1395 x2632","1682 Carroll Brooks","Port Aleaseton","12"
"271","Boyd","Lowe","1-269-910-9816 x656","1688 Francoise Shoals","Sherwoodchester","89"
"272","Vickey","Medhurst","(532) 252-4059","5237 Dorathy Ports","Alicastad","93"
"273","Eda","Hammes","557-333-4148 x018","21796 Kulas Village","New Walker","24"
"274","Nila","Stracke","988.430.2189 x7672","11331 Runte Stream","Sharlenefort","25"
"275","Brandon","Hyatt","969.903.9157 x4560","47560 Turcotte Prairie","North Charlott","36"
"276","Sebastian","Mraz","1-269-407-7336 x659","6029 Kutch Fords","Fisherstad","57"
"277","Vickie","Brown","552-599-1931","92613 Edythe Crest","Turnertown","47"
"278","Anibal","Johnston","(935) 521-3104","170 Carlton Divide","Johnsonville","99"
"279","Jamel","Satterfield","1-418-532-4713","14009 McGlynn Neck","South Seymourburgh","94"
"280","Alverta","O'Reilly","(779) 841-9520 x366","32553 Tarsha Extension","North Emmiemouth","65"
"281","Demarcus","Schumm","228-546-8865 x2174","6851 Renee Mountains","Lake Sindy","87"
"282","Lester","Hills","1-667-950-4098 x16283","08721 McLaughlin Field","Emmerichshire","87"
"283","Gino","Mohr","499.036.3405 x1720","14425 Bailey Causeway","North Jacquelyne","23"
"284","Jan","Dickens","(578) 336-7144","5057 Norris Garden","West Marcellus","43"
"285","Emmanuel","Leuschke","201-543-9721","90589 Klein Lake","Valoriefort","66"
"286","Dorathy","Schoen","389-743-4453","642 Boris Gateway","North Denyseport","5"
"287","Doretta","Douglas","1-493-842-1971","833 Torp Parkways","Bradyport","13"
"288","Sheryl","Kilback","430-567-9738 x863","2997 McClure Lakes","Spencerside","48"
"289","Jacinda","Oberbrunner","1-784-042-5362","48889 Rohan Shoals","Osinskibury","86"
"290","Edwina","Murray","654-477-6746 x3194","5926 Charmaine Course","Jesusport","46"
"291","Valeri","Kessler","(737) 657-5844 x325","244 Purdy Walk","Dyanberg","73"
"292","Craig","Friesen","(239) 899-5285 x17263","525 Moore Hollow","South Theo","80"
"293","Joane","Franecki","(376) 151-8019","272 Elaine Plaza","Alvarofurt","69"
"294","Bernardo","Schneider","(337) 119-6414 x45524","871 Miller Ferry","South Luigi","85"
"295","Harold","Keebler","(775) 610-9451","561 Janette View","Richiefurt","32"
"296","Alberta","Crist","(400) 500-1033","596 Rogahn Overpass","New Darin","19"
"297","Williemae","Hand","940.634.9414","422 Lamont Light","East Samarastad","44"
"298","Jonna","Lesch","023.289.0284 x12714","8300 Zboncak Walk","Vernonburgh","36"
"299","Milo","Bashirian","(389) 349-4092","553 Hermann Spring","East Ryan","36"
"300","Rosemarie","Flatley","(701) 511-1479","969 Grady Throughway","Port Charles","66"
"301","Rubin","Stoltenberg","1-942-751-1217","063 O'Hara Orchard","East Clairstad","55"
"302","Gale","Oberbrunner","(300) 873-7449","0563 Geraldo Key","Jeromymouth","26"
"303","Suzie","Goodwin","1-925-271-0236 x902","765 Corrie Island","Tarramouth","42"
"304","Stacy","O'Keefe","1-342-057-5095 x9994","89041 Mitchell Forges","Osinskistad","14"
"305","Love","Marvin","843-997-0968 x4104","692 Rogahn Stravenue","East Nila","69"
"306","Golda","Kertzmann","757-983-9395 x0587","983 Azalee Landing","Demetraport","64"
"307","Zada","Koelpin","882-432-5731 x04925","46136 Walter Rapids","Lake Daronport","85"
"308","Elton","Hudson","1-505-148-2442","299 Auer Parkway","Weissnathaven","91"
"309","Domonique","Cronin","1-458-078-4728","17811 Jast Curve","East Sixtatown","41"
"310","Silas","Stark","1-475-847-6837","193 Paucek Summit","Koreyfurt","31"
"311","Jaime","Howe","1-880-597-9248 x43683","8036 Flatley Loop","West Mason","39"
"312","Benedict","Schmitt","342-739-4449","33736 Conroy Square","Hugomouth","32"
"313","Federico","Bergnaum","829-973-1044","9007 Davis Meadow","South Wilfordfort","28"
"314","Casey","Ortiz","1-290-452-7557","954 Mills Junction","Lake Miranda","19"
"315","Muriel","Metz","1-952-720-3432","8842 Titus Motorway","West Marlonstad","93"
"316","Tomas","Bernhard","310.960.5324","07596 Van Parks","Port Gwennchester","1"
"317","Dallas","O'Kon","388-888-7262","875 Michaela Avenue","Zboncakstad","71"
"318","Rob","Orn","1-834-133-2379","573 Vandervort Ways","Timikahaven","22"
"319","Mardell","Weber","1-298-003-0699 x30262","09158 Armando Mews","Smithamborough","64"
"320","Larraine","Aufderhar","175.627.8912 x290","32693 Rice Drive","Terrellborough","33"
"321","Marinda","O'Hara","024-214-4121 x4329","758 Ira Plains","New Verliehaven","82"
"322","Otha","Barton","289.178.2314","20164 Branda Mount","Stacyland","22"
"323","Earnest","Hilll","510.370.1679 x684","9687 Salvatore Knoll","Metzshire","36"
"324","Jordan","Erdman","1-646-234-5792 x272","82546 Shannon Village","New Dorris","83"
"325","Royal","Turner","1-018-134-9221 x071","0671 Williamson Ridges","New Perla","97"
"326","Horacio","Stiedemann","204-130-2196","610 Sporer Underpass","Lake Annabelle","0"
"327","Joetta","Nolan","1-366-222-9239","642 Shirley Centers","Mayerbury","92"
"328","Dorian","Bergnaum","(290) 490-3332 x54920","243 Mills Circles","West Amostown","20"
"329","Marco","Kuvalis","710.888.2873","41494 Orville Bypass","East Kathrynville","98"
"330","Duane","Quitzon","674-646-3121 x89536","10625 Casper Port","Port Dorothea","41"
"331","Rob","Kessler","1-240-886-2724","32183 Cassin Plains","Beauburgh","72"
"332","Jason","Anderson","1-213-921-2830","590 Bart Garden","Beahanburgh","65"
"333","Abel","Brekke","345-342-5399 x504","7314 Johnnie Island","New Mendyhaven","88"
"334","Elissa","Adams","854-808-7121 x08797","509 Runolfsdottir Coves","Cummeratashire","38"
"335","Ana","Corwin","1-808-101-0804","08886 Hoppe Oval","Port Gracie","60"
"336","Mallory","Dickens","1-551-690-9491","912 O'Reilly Springs","Lake Trevorview","49"
"337","Jacquline","Beatty","1-131-147-4193","934 Seth Dam","Lake Alphonsoborough","39"
"338","Jeffry","Runolfsdottir","(944) 357-8035","6753 Ronald Squares","McGlynnport","63"
"339","Augustus","Abernathy","(831) 461-0805","352 Labadie Isle","West Susyfurt","52"
"340","Bradley","McCullough","527-508-0536 x825","24343 Roselyn Track","South Nickihaven","53"
"341","Brant","Prohaska","(138) 197-0849 x23103","125 Pagac Villages","Port Carrie","27"
"342","Salome","Haag","1-992-646-4442 x162","554 Hortencia Squares","Port Rickymouth","54"
"343","Celestine","Collier","793-074-1676 x862","7960 Dante Loaf","Elaineland","85"
"344","Dwayne","Lehner","1-035-387-0226","78619 Laurice Well","West Renae","2"
"345","Ricky","Hirthe","1-757-550-3140","7973 Jan Orchard","Milesport","2"
"346","Luis","Prohaska","346.044.5355","347 Linwood Lake","Granthaven","14"
"347","Jackson","Kuhlman","(323) 539-3730","08460 Jessenia Forks","North Orlandomouth","0"
"348","Nolan","Kihn","(517) 400-4967 x059","88145 Rice Overpass","Boyerview","94"
"349","Odell","Bogisich","(344) 223-3197 x9037","37274 Klocko Village","Port Dion","92"
"350","Melinda","Cartwright","237-931-2954 x9615","375 Rhona Mills","Port Eduardofurt","87"
"351","Hyo","Adams","963-624-9911","8420 Wisozk Highway","Treutelshire","47"
"352","Mariann","Runte","791.860.7656 x8054","1205 Pete Mount","Port Adrienfort","30"
"353","Jerri","Gibson","1-565-964-7404 x0214","6395 Raven Crossing","Adolphborough","27"
"354","Tom","Hills","671.251.2273","81965 Dibbert Light","Theodoreberg","2"
"355","Rueben","Trantow","(365) 911-9716","87585 Lorriane Trace","Lake Garrychester","69"
"356","Wendie","Beer","630-473-0889","166 Huels Light","New Rosetta","8"
"357","Leslie","Kohler","1-394-160-2426 x38684","0753 Stokes Loaf","Rayfordville","85"
"358","Domonique","Abernathy","726.631.8519 x0391","1994 Legros Lakes","Hodkiewiczbury","94"
"359","Courtney","Gutkowski","1-488-960-9606","2751 Adena Landing","South Valeri","82"
"360","Sal","Windler","1-656-233-7305 x78326","7786 Melita Knoll","New Carter","57"
"361","Grady","Murphy","1-606-562-7493 x7225","21003 Kassulke Stream","Melvinborough","93"
"362","Alfredo","Mante","142-538-5696 x3813","3649 Bartoletti Burg","Josephberg","27"
"363","Phil","Gislason","1-116-800-1072 x771","786 Celine Springs","East Kieth","3"
"364","Clemente","Bernier","1-489-936-7119 x1958","24215 Pollich Wells","Lockmanport","91"
"365","Felipe","Reichel","913.714.6593","7869 Crooks Crossroad","Isismouth","57"
"366","Cordie","Von","(293) 392-7846","74262 Goodwin Locks","Damienshire","35"
"367","Liz","Gaylord","1-865-687-1445 x69772","475 Jesica Port","East Hayden","30"
"368","Sheree","Daniel","1-852-348-0355 x240","48380 Dibbert Light","Darrinport","1"
"369","Beau","Lynch","1-155-376-7786","049 Bogisich Haven","Borerchester","98"
"370","Alix","Harvey","269.538.5303","6567 Grant Manors","Lefflerberg","24"
"371","Keenan","Vandervort","(197) 791-0309 x9279","43877 Tillman Village","Ireneton","14"
"372","Irvin","Anderson","1-317-527-4246 x1536","880 Inez Views","Hickleport","80"
"373","Zita","Towne","609-698-9698 x377","387 Waelchi Grove","Ronaberg","45"
"374","Matthew","Walsh","660.894.4088 x4521","85644 Melda Cape","McGlynnside","7"
"375","Erik","Russel","(170) 051-2391","5277 Olson Trail","Lake Noel","43"
"376","Steve","Brown","1-685-822-2716 x71512","26574 Ronald Rapids","Prohaskaberg","89"
"377","Berna","Rempel","311.046.2666","1476 Schiller Hills","Thompsonfort","81"
"378","Arnette","Farrell","1-065-085-8342","602 O'Connell Place","Murphyside","3"
"379","Porter","Crist","1-818-480-1118","195 Wintheiser Coves","North Bettie","1"
"380","Marylee","Moen","(699) 000-3244 x0204","1173 Dare Harbor","West Micahside","91"
"381","Kirstin","Von","095-245-2844 x71624","77220 Odell Mountains","Port Onie","43"
"382","Keisha","Runolfsdottir","835.450.7154 x95618","252 Demetria Ports","O'Connellville","69"
"383","Jere","Tromp","212.683.4260 x9895","18898 Wuckert Walks","Wintheiserland","70"
"384","Herb","Johnson","1-288-572-3722","839 Helene Pines","Lake Vanna","61"
"385","Korey","Wyman","924.929.1658 x387","4991 Mosciski Glens","Nitzschetown","44"
"386","Victor","Gaylord","(561) 461-0563","145 Nolan Wells","Lake Zandraview","84"
"387","Xuan","Lowe","(951) 559-8900 x389","70147 Rubin Spur","Berniertown","15"
"388","Jarred","Becker","(061) 317-2729","576 Schumm Trafficway","Port Juliuston","24"
"389","Katia","Larson","974.231.5568 x6150","85448 Laraine Path","North Nelsonbury","17"
"390","Cornelius","Kuhic","589-628-4532","724 Diane Land","Clevelandshire","76"
"391","Lilli","Carter","1-978-694-2946","692 Hugo Throughway","South Florentinoland","70"
"392","Lizzette","Muller","611.549.3209 x188","7594 Whitney Dale","Bashirianhaven","67"
"393","Branda","Braun","397.874.4084 x4438","019 Karren Estates","Port Lonnie","91"
"394","Leticia","Beatty","225.887.9613 x27194","678 Mante Crest","New Belinda","90"
"395","Refugio","Gulgowski","1-218-568-1258 x74212","24972 Roberta Village","Lehnerview","60"
"396","Isidra","Gulgowski","1-813-567-4292 x4012","36546 Marlyn Forest","Alvinmouth","1"
"397","Elmo","Ledner","240.877.1480","1339 Bobette Stream","West Marissa","98"
"398","Ed","Reichel","1-029-055-7474 x49378","3982 Wilkinson Skyway","Newtonshire","36"
"399","Margeret","Hickle","333-251-0573 x524","5841 Von Village","New Alton","83"
"400","Reginia","Stehr","793.145.3077 x044","85527 Oren Islands","Grantberg","44"
"401","Hosea","Larson","355-235-4557 x6404","978 Baumbach Union","Gaylordside","55"
"402","Melinda","Dickens","483.963.4475 x220","6993 Hamill Stream","Faheyport","40"
"403","Twanda","Grimes","1-500-823-2523","61522 Veum Turnpike","New Miquel","26"
"404","Raymond","Legros","1-153-414-6609","98792 Carter Greens","Port Audreamouth","62"
"405","Travis","Volkman","699.830.3764 x080","03480 Katelyn Stream","West Nealfurt","99"
"406","George","Haley","(497) 877-9175","8188 Glenn Inlet","Pedroborough","56"
"407","Georgie","Windler","(541) 842-1137","49139 Reynolds Grove","Juanaville","83"
"408","Fairy","Botsford","601-988-1629 x87220","9471 Samual Alley","Kathlyntown","20"
"409","Cortney","Smith","807.555.7179","967 Frederic Village","South Shizukochester","81"
"410","Vito","Schoen","1-595-895-9395","165 Consuela Springs","North Shannon","17"
"411","Maxine","Waelchi","579-932-5475 x67302","76163 Kling Mills","Treutelborough","4"
"412","Cedrick","Kerluke","1-167-413-8422 x413","30266 Tasia Garden","Casperfurt","89"
"413","Isaias","Muller","242.989.9394","242 Jerald Tunnel","Leotown","59"
"414","Donn","Lindgren","931.494.5731","75751 Edmond Hill","East Marenstad","35"
"415","Clarice","Sporer","1-130-238-8040","96683 Shields Stream","Port Jesusland","26"
"416","Micki","Kub","(959) 684-8427 x06573","1940 Leslie Rapid","Kutchborough","42"
"417","Eddy","Kassulke","(542) 920-2386 x1377","67928 Rohan Rapids","Brownview","25"
"418","Mickey","Bosco","084-976-2254 x96476","424 Hilpert Villages","North Mitziton","76"
"419","Harold","Bosco","904-269-9401","4894 Balistreri Vista","Emmerichchester","12"
"420","Ray","Nitzsche","1-446-805-4888 x0441","97004 Erline Haven","Port Tamatha","2"
"421","Rutha","Schultz","478-735-3472","44186 Ondricka Mission","Barrowsburgh","42"
"422","Tijuana","Ebert","1-727-799-3671 x4872","6712 Treutel Courts","South Mary","18"
"423","Derick","Moore","(880) 040-4489","958 Jannie Vista","New Lyndsaybury","53"
"424","Vinnie","Langosh","(658) 771-8063","22995 Leo Springs","South Dean","73"
"425","Carey","Prohaska","1-346-652-5718 x000","9909 Boyle Circle","South Virgie","62"
"426","Mckinley","Kassulke","989.362.2918 x906","0057 Buck Plains","Ronnieport","64"
"427","Lacy","Labadie","(241) 671-1505 x537","422 Malik Parkways","Darrickburgh","36"
"428","Billie","Grady","841.945.1363 x8307","472 Wilber Row","Roobshire","37"
"429","Suzan","Kemmer","227.751.6712 x585","857 Marivel Overpass","Pollichchester","69"
"430","Dustin","Harvey","335.863.0187 x13308","657 Jimmy Pines","Ezequielfurt","7"
"431","Dorian","Kunde","043.521.3583 x9159","835 Harvey Canyon","Gerlachton","61"
"432","Edwardo","Walsh","(255) 274-6936","44721 Brekke Viaduct","Derickhaven","7"
"433","Daron","Wunsch","(987) 129-6801 x4193","366 Nikolaus Junction","Swaniawskiburgh","90"
"434","Jessie","Toy","1-778-682-3776 x4214","960 Luba Wells","North Dannabury","3"
"435","Karmen","Heller","893.708.3514 x69221","69373 Senger Camp","West Lonnie","4"
"436","Jaunita","Feest","(437) 370-9132","19749 Lehner Rest","Micahburgh","50"
"437","Charlie","Goyette","007-494-3182 x2833","613 Marlon Island","Darrylchester","52"
"438","Thomasina","Ward","1-729-653-8909","38437 Bauch Prairie","Jakubowskimouth","43"
"439","Raymond","Lueilwitz","(438) 929-2065 x898","324 Schowalter Spurs","Rockyport","27"
"440","Phillip","Simonis","1-410-392-5694 x755","67254 Trent Place","South Arleanmouth","1"
"441","Lenore","Lesch","855.949.1664 x30553","378 Hahn Rapids","Sporerville","32"
"442","Brain","Bosco","405-682-3976","019 Micheline Circle","Staceeberg","86"
"443","Rolando","Jast","181.763.4113","869 Monahan Course","East Rolandemouth","79"
"444","Danial","Grant","1-376-138-9334 x2155","6194 Gregg Track","Alainaville","73"
"445","Cathie","VonRueden","(825) 149-3670","711 Golden Locks","Jamaalmouth","61"
"446","Sybil","Mosciski","960-122-1466 x4463","13178 Marcia Summit","Naomibury","43"
"447","Sandi","Yundt","1-826-874-0857","093 Raynor Expressway","Roscoechester","30"
"448","Tamara","Gerlach","1-006-187-9184 x15070","41110 Crist Wells","Mellissaland","97"
"449","Salome","Satterfield","1-636-460-5257","078 Franecki Brook","Bashirianmouth","49"
"450","Maurice","Larson","1-217-043-6350","63345 Robbie Row","Metzbury","28"
"451","Cruz","Torphy","773-125-8995","63629 Lynch Groves","Port Rodrick","67"
"452","Vashti","Lubowitz","1-725-025-6896 x9639","734 Mertz Lock","South Waynefort","31"
"453","Millard","Metz","1-103-401-1474 x43633","32045 Cruickshank Wells","New Stephan","81"
"454","Angle","Yost","(941) 064-4378 x42140","707 Greenfelder Groves","West Gisela","82"
"455","Dave","Block","828.490.6055 x1890","92428 Runolfsson Circles","Collierhaven","33"
"456","Ahmad","Runte","(008) 306-4932 x1008","1772 Block Knolls","South Arnoldmouth","42"
"457","Rolf","Bruen","(293) 369-3256 x042","6225 Jordon Locks","Langoshchester","69"
"458","Sharon","Batz","020-043-9356","453 Clarence Flat","Morissettemouth","90"
"459","Rosalie","King","1-123-320-2134","3929 Anibal Centers","Dwighttown","50"
"460","Tristan","Lindgren","(851) 992-0796","7764 Donnell Meadow","Blandastad","95"
"461","Ward","Rosenbaum","815-506-6349 x49756","64761 Mills Drive","East Shela","43"
"462","Marcelino","Goyette","(266) 740-2327 x1756","1690 Anamaria Rue","Steuberbury","59"
"463","Myriam","Runolfsdottir","612.696.9372","81382 Tameika Forks","South Larisahaven","54"
"464","Rosella","Zemlak","228.197.9563 x6960","7080 Dietrich Harbors","Cliftonside","12"
"465","Onie","Swift","930.579.6476","23342 Genesis Union","Arthurshire","98"
"466","Jonas","Rath","567-788-6913","54415 Wolf Mountain","North Fernande","79"
"467","France","Feest","1-127-558-7714 x46801","467 Bogan Estates","North Jonasstad","90"
"468","Marcus","Muller","080.492.7584 x5001","2326 Dietrich Heights","Port Philipchester","83"
"469","Cyril","Padberg","129-909-4715","73561 Wyman Spring","North Ron","88"
"470","Kendal","Lubowitz","1-864-473-6208","694 Milford Manor","Lindseystad","94"
"471","Lino","Heller","133-395-1028 x5644","806 Botsford Corner","Lake Harryberg","54"
"472","Denae","Ledner","(739) 454-3257","84772 Ranee Branch","Claudeview","92"
"473","Arnette","Effertz","1-679-124-6424","467 Rudy Burgs","North Simon","98"
"474","Christena","Walsh","(597) 054-8796 x7400","92074 Rosamond Villages","Port Verdellmouth","98"
"475","Willa","Abbott","587-526-4949 x7445","72510 Britta Manors","Croninfort","71"
"476","Mohammed","Hyatt","1-496-766-0179 x587","966 Emmitt Loaf","West Ruthannefort","90"
"477","Leanna","MacGyver","133.449.3839","52815 Hegmann Station","Braintown","11"
"478","Georgeanna","Ziemann","974.644.3787","588 Lebsack Loop","New Kandra","37"
"479","Loren","Carter","209.429.2220","2261 Wiza Key","Beattytown","37"
"480","Lewis","Ullrich","1-828-235-2378","2577 Doyle Junctions","West Idalia","48"
"481","Sook","Gaylord","217-387-1060 x9492","1021 Koch Orchard","Torphymouth","28"
"482","Madlyn","Schimmel","1-778-568-8517 x95857","925 Rosana Manors","West Latrishaborough","47"
"483","Reynalda","Lesch","990-667-3815 x374","1927 Morissette Bridge","Nathanaelport","76"
"484","Arthur","Ledner","(422) 926-3304","56003 Murphy Throughway","O'Reillyborough","75"
"485","Freda","Halvorson","327.989.7391 x759","717 King Parks","Homenickshire","56"
"486","Cassidy","Kulas","920.983.2521 x92601","191 Stamm Drive","Schroederfort","7"
"487","Ciara","Rohan","466-003-7710","787 Gavin Turnpike","West Keshia","86"
"488","Billy","Maggio","(168) 285-6488","31699 Alphonse Village","East Lovieborough","78"
"489","Samuel","Bradtke","645-831-4307 x71473","9091 Christiansen Crescent","Port Merlinview","31"
"490","Asa","Kunde","1-806-459-0315 x8403","1776 Pura Key","Reingertown","22"
"491","Derek","Durgan","(182) 600-0378 x050","04337 Jerde Trace","Connellyborough","94"
"492","Sherilyn","Abbott","(875) 683-1936 x817","20455 Konopelski Grove","New Raymonchester","69"
"493","Boyce","Kunde","(405) 274-0444 x8666","68754 Upton Meadow","East Lishaside","39"
"494","Willena","Beahan","155.760.2129 x00098","26745 Lubowitz Manor","South Jarvisport","67"
"495","Hassan","Deckow","(234) 617-1206 x2323","037 Koss Crossroad","Keeblerview","30"
"496","Ethelyn","Greenholt","(223) 504-7192","8215 Amos Rapid","Jaskolskiport","1"
"497","Colene","Conn","1-995-161-4402","23931 Stamm Viaduct","Port Jordan","66"
"498","Agustin","Collier","996.993.1945 x66841","49365 Natasha Tunnel","Seritastad","96"
"499","Boris","Sawayn","260.858.8681 x966","7647 Torp Fort","Port Dorthealand","30"
"500","Karon","Mertz","(297) 422-1545 x6158","474 Corwin Corner","Lindyton","7"
"501","Nicky","Kuhn","1-660-080-4694","92351 Brown Path","South Asleyhaven","14"
"502","Ollie","O'Reilly","1-577-229-9521 x64037","3874 Bart Unions","New Roxanna","8"
"503","Destiny","Little","871.336.0166","0109 Kelly Forks","Steuberfort","48"
"504","Michaela","Rohan","1-902-211-1552 x6696","59779 Xavier Crescent","Crisside","64"
"505","Mariano","Vandervort","1-722-204-0676 x8068","62623 Barrows Trace","Stromanton","30"
"506","Elicia","Tremblay","(126) 362-0792","56389 Greenfelder Crossing","Lowellborough","21"
"507","Long","Wolff","1-431-850-0894 x249","343 Erasmo Heights","Renatofurt","15"
"508","Margo","Daniel","518-045-9248 x79276","9100 Agustin Lock","North Ramonita","35"
"509","Sung","Kreiger","446-638-5451","950 Morissette Isle","New Dorian","45"
"510","Glenn","Stokes","750-814-3051","37580 Lorie Flat","Lake Elvisfurt","40"
"511","Woodrow","Konopelski","1-363-622-3684 x46674","45023 Howe Way","West Dylanmouth","2"
"512","Dortha","Jakubowski","1-321-394-2002 x480","6675 Botsford Prairie","Terryton","41"
"513","Danica","Orn","(922) 532-6430 x262","5922 Ashley Summit","Leighchester","6"
"514","Rudolf","Littel","(377) 904-5384 x5914","210 Schoen Parkway","East Clintonfurt","7"
"515","Cleta","Langosh","689-910-9140","37014 Terry Forges","Lake Nganberg","88"
"516","Regina","Kertzmann","776-975-8948 x64001","086 Sabra Spur","Port Ivory","46"
"517","Gregg","Howe","(194) 252-9425 x600","116 Corrin Pine","Lake Nichelle","20"
"518","Oliver","Mraz","1-684-127-6313","46380 Upton Springs","Lavernebury","66"
"519","Rosendo","Johns","890.244.4092 x40000","48172 Grimes Hill","Stantonton","14"
"520","Lachelle","Kutch","227-007-3435 x13550","9828 Machelle Ports","Lake Katelynchester","90"
"521","Toby","Rogahn","1-604-488-6891","3032 Ward Forks","Lake Waiburgh","14"
"522","Stormy","Larkin","001.473.8677","3262 Ollie Ridge","Natividadbury","28"
"523","Audie","Gorczany","432.762.8271 x71722","64514 Abshire Bridge","Ullrichport","64"
"524","Wendell","Emard","697-410-3645","52021 Lakin Shoals","Kochland","88"
"525","Sophia","Leuschke","(277) 604-5746 x977","8990 Hauck Causeway","Purdymouth","21"
"526","Cathrine","Pagac","1-481-274-7486","9806 Lindgren Cape","South Mendy","37"
"527","Homer","Crona","(702) 006-4115","26346 Mosciski Vista","Moentown","4"
"528","Mike","Bednar","1-706-631-4111 x976","840 Domenic Dale","East Herb","69"
"529","Jamal","Reynolds","(977) 431-8034 x22282","310 Christiansen Ridges","Todmouth","71"
"530","Kenny","Langworth","468-901-7396","89875 Leroy Tunnel","Mohrville","16"
"531","Dorie","Keeling","(957) 956-9722 x32101","3269 Miller Street","East Luigi","73"
"532","Mertie","Hoeger","1-173-545-5153","5103 Michaela Divide","Howellburgh","72"
"533","Doris","Robel","411-825-5837 x2709","42487 Schimmel Rapid","Jacobsonfurt","37"
"534","Eddy","Littel","255.135.3180 x99979","6353 Schowalter Springs","New Francinetown","73"
"535","Maragaret","Lockman","516.467.2363 x03944","52015 Rowe Springs","Lake Waltraud","33"
"536","Ellan","Vandervort","(448) 263-5755","171 Conn Cove","Jamiefurt","26"
"537","Remedios","Wintheiser","1-972-845-3115","14295 Murray Plain","Wilbershire","54"
"538","Matthew","Medhurst","103-395-9473 x3526","5633 Shelton Forges","Robelhaven","33"
"539","Lawrence","Shanahan","1-025-829-0878 x2259","607 Bashirian Loaf","Linhberg","26"
"540","Cecil","McLaughlin","764-393-8075","771 Emilio Forks","Weimannfort","72"
"541","Christi","Muller","870.245.4853","50425 Rogahn Wall","South Malcomstad","77"
"542","Myron","Huel","(763) 845-7238 x7558","5274 Ward Row","Lake Ahmed","35"
"543","Lucio","Labadie","904.350.1093","85102 Tashina Squares","Antonton","29"
"544","Florentino","Dickens","581.641.6011","3384 McClure Ramp","Port Trey","14"
"545","Rosalie","Mueller","1-269-265-5874 x42827","27741 Edwardo Squares","Bronwynstad","92"
"546","Tama","Jones","(238) 074-7082 x992","0084 Roderick Views","East Mertie","23"
"547","Jolyn","Ferry","(105) 107-2441 x83353","54033 Kerry Ports","Bruenshire","43"
"548","Carline","Jenkins","1-213-045-9549 x505","40754 Rice Highway","North Everette","60"
"549","Marisa","Glover","257.663.1915","56662 Haley Ford","New Marlin","50"
"550","Elisha","McKenzie","703-754-6094 x6639","9236 Annice Harbors","Gradymouth","47"
"551","Randy","Harris","(395) 996-0950 x631","704 Leannon Crescent","West Donnietown","56"
"552","Rebbeca","Schimmel","1-703-819-1780 x774","8454 Yaeko Burg","Collinsmouth","9"
"553","Ethelyn","Reilly","289.667.6344","4890 Bins Squares","Margitville","89"
"554","Philip","Prohaska","322.588.1977 x673","346 Gussie Loop","Pazmouth","90"
"555","Bernard","Tillman","(128) 696-9272 x26512","73958 Genna Prairie","West Brittnyberg","28"
"556","Zita","Muller","827.113.0288","11019 Sherman Crescent","Goyettehaven","12"
"557","Ila","Ebert","(353) 936-4451 x9571","046 Holly Ville","Port Colin","75"
"558","Roderick","Herzog","473.496.0014 x91986","86226 Sipes Harbors","Port Yolandamouth","71"
"559","Benito","Thompson","991.326.1891 x4869","78987 Hills Tunnel","Reichelshire","62"
"560","Federico","O'Conner","1-747-223-4274 x52668","555 Mills Mission","Port Antonetta","46"
"561","Roger","Auer","829-747-4909","50537 Rusty Road","Lake Abelton","22"
"562","Donte","Gislason","1-298-950-3593 x76951","6935 Maximo Valley","East Chongstad","5"
"563","Logan","Weber","767.212.3361 x0674","2867 Oliva Ridge","Port Dudleyhaven","51"
"564","Odell","Blanda","557.657.4482 x1426","742 Pagac Island","Mauricioshire","75"
"565","Delbert","Cartwright","(382) 575-3610 x318","758 O'Kon Keys","Wilkinsontown","8"
"566","Eduardo","Goodwin","493-764-3122 x80832","276 Courtney Rapids","Delphaport","34"
"567","Forest","Stark","462-785-6701","9487 Kattie Lake","Kemmerside","55"
"568","Chet","Lesch","896-545-6610","2996 Abernathy River","Cristopherfurt","87"
"569","Rufus","Hansen","818.785.6109","9483 Kilback Gardens","East Manuelmouth","26"
"570","Michael","Ledner","1-299-240-9714","40505 Kautzer Field","South Rodgerhaven","67"
"571","Moriah","Heller","(823) 070-9047 x52535","04503 France Alley","New Graig","81"
"572","Lavern","Wehner","(921) 006-5571","88537 Burl Green","East Myrtice","76"
"573","Kendall","Muller","356-821-3784","7045 Korey Walks","West Latoshafurt","13"
"574","Miles","Kozey","1-839-622-1473 x409","396 Mindi Mountains","MacGyverstad","81"
"575","Carolee","Fay","1-631-746-4101","7598 Halvorson Corner","South Freddy","38"
"576","Gilma","Daugherty","655-978-3794","0399 Lakin Ways","Nikolaushaven","27"
"577","Palmer","Wyman","892.578.3448","345 Ullrich Place","East Ray","46"
"578","Cassie","Jaskolski","(536) 764-6490","169 Boehm Wells","Denesikberg","52"
"579","Lorina","Harris","692.027.2461 x95628","2713 Herzog Run","Sharlenemouth","35"
"580","Chang","Labadie","1-912-591-2878","7885 MacGyver Crest","Port Gonzalo","95"
"581","Jimmy","Skiles","983-707-6235","3527 Marshall Run","New Rebbecaport","11"
"582","Ellen","Jones","059-012-4044 x6580","5894 Kermit Brooks","East Hans","85"
"583","Joe","Will","1-454-869-8475 x6292","7659 Stanton Alley","Legroshaven","68"
"584","Rosanne","Gutmann","1-644-161-5357","2895 Bahringer Creek","West Tobyville","51"
"585","Gerda","Towne","1-999-041-1155 x34567","02281 Mosciski Island","Port Trinidad","68"
"586","Bryan","Kuphal","032.243.4089 x4867","1002 Tatum Keys","New Toddmouth","68"
"587","Lauren","Kihn","939-956-8440 x088","50329 Alane Estate","Port Wilbermouth","40"
"588","Fiona","Bins","515-798-4782 x4485","19949 Littel Gardens","South Seasonhaven","47"
"589","Gretta","Hermiston","(672) 984-2151 x5793","066 Alec Bypass","South Jospeh","39"
"590","Maynard","Maggio","(808) 093-4937 x49047","170 Marth Ville","Shawneemouth","83"
"591","Muriel","Ryan","1-198-439-6839","702 Ricardo Via","Flatleyview","50"
"592","Mikki","Stehr","(696) 080-0579","9938 Luettgen Via","Ingerbury","41"
"593","Stephaine","Breitenberg","(305) 286-6185 x9436","4104 Mellie Squares","West Brentonberg","63"
"594","Colin","Fadel","505-302-5506 x6487","037 Kemmer Terrace","Trudieton","87"
"595","Jamel","Rodriguez","329.955.6264 x403","1632 Jamie Fort","West Marytown","25"
"596","Carl","Halvorson","1-085-464-7677 x6560","9220 Kertzmann Estates","New Scottie","53"
"597","Stephenie","Walker","334-584-2228 x133","287 Aufderhar Drive","Zanefort","47"
"598","Emmanuel","Smith","777-525-4146","77755 Clarita Lodge","Lake Franklynshire","23"
"599","Leda","Jaskolski","1-603-473-2562 x0097","4729 Slyvia Key","Kandacemouth","55"
"600","Tom","Gleason","1-304-581-4529","6412 Brown Lakes","Steuberhaven","84"
"601","Judi","Hartmann","(889) 637-4860 x400","408 Chase Dale","Roxanaview","86"
"602","Pete","Reinger","328.137.3060 x52433","223 Schroeder Corner","Shanellville","86"
"603","Ling","Rau","066-311-2597 x88729","18518 Spinka Ramp","Ziemefort","68"
"604","Omer","Kilback","955-129-7961 x6244","9011 Darren Road","East Candraside","5"
"605","Beverly","Wunsch","626.273.8709","37327 Natisha Harbors","Morarstad","53"
"606","Juan","Bernier","983.375.1873 x967","200 McClure Square","New Florentinomouth","9"
"607","Analisa","Denesik","793-771-8330 x4568","598 Truman Stravenue","Brakusmouth","97"
"608","Jennefer","Anderson","541-471-7130 x76721","48259 Kiehn Divide","Joanbury","87"
"609","Reid","Dickens","1-763-166-5904 x02603","6895 Corkery Falls","Quintinmouth","75"
"610","Tomoko","Sauer","1-698-599-8315","52171 Schuppe Vista","New Griselda","73"
"611","Jeremy","Dooley","(040) 991-1638","1286 Ebert Square","Jonashire","15"
"612","Joyce","Fritsch","133-642-8120 x79877","151 Hartmann Terrace","Porshamouth","21"
"613","Silas","Mohr","(479) 477-6971","31416 Ziemann Lock","Sonialand","61"
"614","Jude","Marvin","676-204-7634","1626 Hintz Tunnel","New Normandberg","0"
"615","Cyrus","Ullrich","1-276-680-2308","09306 Patrice Place","South Tim","52"
"616","Antony","Bartell","1-965-647-4107 x81044","8217 Jesus Plains","Lake Domenica","61"
"617","Vernon","Aufderhar","1-426-581-6883","085 Willetta Squares","Quigleyton","59"
"618","Fletcher","Reynolds","1-916-799-5252 x653","8401 Cormier Skyway","West Ian","32"
"619","Evie","Littel","345-692-4413 x3423","82664 Mistie Common","Millermouth","11"
"620","Bryant","Turcotte","(753) 358-0278 x69468","4110 Kelvin Villages","West Joniebury","69"
"621","Jamie","Harvey","510-516-5847","73128 Mosciski Prairie","Lucindaton","10"
"622","Ashely","Becker","(408) 777-9023 x1459","07125 Rowe Walk","Hilllville","70"
"623","Shayne","Kovacek","706.097.7698 x844","2957 Dian Mission","Desiraeville","2"
"624","Kelvin","Erdman","259.801.8544 x4272","0528 Ona Forge","South Henryport","75"
"625","Mitchell","Heller","(627) 349-9125 x7111","382 Carita Radial","Hayesville","60"
"626","Eldridge","Langosh","731.404.1676","9101 Cordell Union","Louannetown","1"
"627","Morton","Douglas","1-988-519-8046 x083","20848 Wava Common","Roobfurt","43"
"628","Rich","Steuber","074-955-0274 x5882","4601 Monahan Hills","Cartwrightport","45"
"629","Romeo","Spinka","044.522.0631 x9570","8029 Mann Passage","New Tamikoside","99"
"630","Kelsie","Morar","(581) 690-7058","869 Dach Forks","New Isrealton","34"
"631","Arden","White","698-821-7463 x0087","681 Smith Mount","Champlinfort","31"
"632","Kelli","Kiehn","307-882-7322 x40428","479 Rhett Glen","Port Eugenaberg","12"
"633","Moon","Gusikowski","(271) 691-6823","7457 Madie Inlet","North Geoffrey","76"
"634","Rosario","Fay","(352) 026-1559","1206 Ebert Route","Elisabethville","74"
"635","Tamika","Ebert","1-817-460-7947","59925 Kub River","East Robton","92"
"636","Bobbie","Zboncak","296-262-0131 x648","816 Pfeffer Streets","Port Rob","69"
"637","Joann","Hilll","(111) 107-5780 x2317","959 West Ports","East Dominicabury","62"
"638","Ladonna","Schmitt","263.977.3186","9621 Grant Route","Lucymouth","29"
"639","Andrew","Connelly","1-228-637-6040 x732","425 Rohan Plaza","East Selena","52"
"640","Oliver","Kassulke","1-465-008-2070 x94205","49254 Minh View","Adamsstad","43"
"641","Lauren","Kiehn","470-566-8465","45255 Marguerita Mill","Lake Carrollburgh","84"
"642","Cristopher","Mertz","792.556.5057","03168 Jeane Bridge","Lake Cucborough","7"
"643","Corrina","Veum","238.519.8230 x6272","9679 Gottlieb Greens","Skilesfort","97"
"644","Kami","Wunsch","(375) 452-1216 x49247","6694 Dickinson Light","Tangelashire","15"
"645","Cheyenne","Waelchi","(002) 597-1033 x96751","0153 Kutch Prairie","South Herschel","84"
"646","Theodore","Flatley","642.705.4061 x51515","67321 Senger Light","West Jerrold","45"
"647","Merlin","Schroeder","(299) 159-4926","6061 Gerhold Via","West Caseychester","34"
"648","Viki","West","1-729-718-5944","54116 Collins Union","Dorseybury","35"
"649","Margo","Connelly","(652) 452-2429 x435","638 Kohler Ramp","Tillmanbury","0"
"650","Van","Weissnat","076.767.4789","292 Bahringer Cove","West Rustymouth","39"
"651","Sina","Pagac","1-606-745-6122 x89568","67197 Tessie Springs","West Shondraburgh","91"
"652","Alfreda","Douglas","552-355-2031 x05614","049 Mose Lock","Woodrowfurt","47"
"653","Eugene","Gibson","(492) 365-5081 x395","7542 Dave Locks","Gleasonmouth","37"
"654","Shannon","Tremblay","1-103-450-5629","146 Dion Drive","Cyrilshire","77"
"655","Miguel","Halvorson","926.695.3991 x8674","867 Walker Groves","Alexandraborough","86"
"656","Pablo","Labadie","(494) 122-3766","605 Rath Prairie","Harveyshire","95"
"657","Elease","Haley","1-085-678-3964","806 Sandra Drive","Oberbrunnershire","20"
"658","Harry","Stiedemann","1-162-142-0587 x0622","0263 Cassie Way","West Edmond","90"
"659","Corrina","Considine","1-907-197-2508 x4463","9023 Schumm Drives","East Tomiko","60"
"660","Heriberto","Reynolds","890-197-9138","223 Blanda Vista","Ammiefurt","71"
"661","Hyun","Kiehn","1-618-353-0446","4779 Kitty Crest","Morarburgh","76"
"662","Mitchel","Hartmann","922.572.7729 x8439","16065 Bode Coves","Wildermanton","59"
"663","Rudy","Conn","019.845.5043","51974 Kutch Hollow","South Efrain","85"
"664","Petrina","Wunsch","092.575.7122 x9164","07382 Bruen Loop","Sengershire","1"
"665","Fumiko","Terry","1-998-089-5350 x71679","818 Sandra Run","Lake Lynwoodmouth","69"
"666","Rosario","Abernathy","168-171-0119","4234 Cordelia Prairie","North Zulemastad","62"
"667","Lamar","Swaniawski","302.264.7557","984 Kuhn Falls","Carrollshire","46"
"668","Dwayne","Hettinger","(172) 545-0462 x56956","935 Beula Drives","Winfredton","5"
"669","Nathan","Rolfson","160-470-0365 x8403","8174 Freda Forge","West Elliott","18"
"670","Latarsha","Kunze","626.289.3370 x22739","13347 Edmund Throughway","Lake Giselle","98"
"671","Tania","Hills","1-767-926-1043 x3956","602 Cody Squares","Willieberg","61"
"672","Norene","Hermiston","945-559-4794 x9132","537 Johnathon Stravenue","West Sandaburgh","86"
"673","Benedict","Gerhold","(256) 518-4296 x515","7049 Antone Ports","Shaneside","20"
"674","Ellis","Conn","(643) 880-2652","3746 Bergstrom Ferry","Kiehnchester","97"
"675","Sheree","Skiles","067.183.1678","036 McDermott Extensions","West Latriciaview","5"
"676","Donovan","Jacobs","220.258.1902 x065","8542 Jacinto Ports","West Darwin","97"
"677","Fletcher","Miller","970.376.8693 x120","9832 Schmeler Manor","Bruceberg","21"
"678","Azzie","Strosin","318-976-7836","57460 Sebastian Heights","Elwandaview","8"
"679","Ellsworth","Ankunding","(475) 296-9228","1326 Jones Valleys","Lonnieside","83"
"680","Leonor","Hahn","(269) 106-3690 x83736","4433 Darren Courts","Eveliaside","67"
"681","Clark","Jenkins","(796) 666-8586 x987","3714 Antonio Throughway","East Lazaro","96"
"682","Briana","Cormier","1-895-083-8306 x9211","8329 Little Heights","South Zachariahside","32"
"683","Benny","Rogahn","671.576.0805 x60919","733 Mozelle Hill","New Joshborough","70"
"684","Eldon","Goyette","1-416-800-6019","7606 Lindgren Summit","O'Connerland","66"
"685","Darius","Kemmer","572-894-6623 x8895","7699 Bernhard Loop","Port Carrol","20"
"686","Denver","Cartwright","057.898.7619 x868","1993 Feeney Rapid","West Hilde","74"
"687","Brenda","Hackett","556-115-1817 x57647","40746 Dorie Path","North Latoria","93"
"688","Maybelle","Herzog","(481) 059-2414","916 Abel Hill","North Melidahaven","23"
"689","Darrel","Gibson","1-354-266-7000 x4758","09930 Romaguera Ranch","Ciarastad","20"
"690","Danial","Howe","042-195-3240 x65313","77845 Dale River","Port Carlo","91"
"691","Major","Balistreri","1-408-702-9434 x8887","00575 Eric Ford","West Deanside","31"
"692","Dorthy","Donnelly","910-782-9964 x40151","41365 Chad Locks","West Sammieland","3"
"693","Giovanni","Lang","(161) 170-0423","266 Gregg Station","Tobiaschester","44"
"694","Zachery","Nienow","1-275-946-5957 x143","98684 Kiehn Expressway","West Greggmouth","34"
"695","Abram","Wiegand","581.474.5949","235 Rochell Island","Renatoshire","30"
"696","Dena","Rogahn","345.295.9457 x3717","841 Modesto Pine","Hintzfurt","24"
"697","Ferdinand","Nicolas","1-213-626-8352 x08225","88498 Bogan Spurs","South Bill","54"
"698","Danuta","Johns","1-446-853-1919","7729 Welch Greens","West Hector","13"
"699","Willard","Harber","(355) 374-6293","75137 Margherita Ramp","McDermottmouth","90"
"700","Siu","Bailey","1-724-274-1018","52253 Pagac Circles","Armstrongport","77"
"701","Isiah","Kunze","1-106-752-4571","408 Haywood Fork","O'Connermouth","60"
"702","Gerald","Lakin","1-673-267-2025","61432 Windler Mount","North Nicolchester","0"
"703","Hollis","Heidenreich","121-480-5258","9390 Adams Stravenue","East Filibertofort","87"
"704","Dominique","Towne","627.807.8288","364 Chas Ways","East Michel","22"
"705","Wyatt","Bogisich","(995) 437-9100 x3122","620 Bartell Harbor","Camiefort","72"
"706","Beverly","Boyle","1-333-591-2390 x191","4056 Bogan Road","Charisehaven","59"
"707","Gillian","Wilkinson","(204) 785-3553 x9571","314 Pacocha Parkways","Larryhaven","70"
"708","Wilford","Borer","(441) 445-8096 x26769","23192 Deangelo Plaza","Lake Wynonaburgh","57"
"709","Joesph","Beatty","(716) 231-8062","8570 Deangelo Track","Port Augustburgh","60"
"710","Mayme","Tremblay","964.150.3865","148 Kuvalis Ridge","Adrianneshire","81"
"711","Augustine","Legros","120-057-4277","157 Racquel Knoll","East Vallie","27"
"712","Yoshie","Kling","1-500-150-7273 x7697","4006 Stokes Isle","New Guyhaven","34"
"713","Albert","Prohaska","1-154-918-7416 x64569","0505 Landon Course","East Alberta","24"
"714","Micah","Feest","1-546-652-1807","24792 O'Connell Point","West Filomena","33"
"715","Preston","O'Keefe","1-043-353-6870 x3111","304 Reynolds Brook","Buckridgeton","18"
"716","Brenda","Jaskolski","1-068-696-3358 x18191","5141 Edythe Forks","Schultzville","51"
"717","Hubert","Hettinger","745-585-2306","221 Arturo Flats","Lake Terrance","95"
"718","Jay","Schiller","(377) 902-3766 x19199","3189 Alisia Ranch","Raynorton","16"
"719","Roman","Jacobs","005-695-0570","512 Roy Passage","Dylanfurt","93"
"720","Otilia","West","1-077-779-8252 x7272","05651 Hector Spring","North Elba","91"
"721","Kaycee","Schamberger","(486) 284-3065 x328","071 Schuppe Fork","Cathernborough","12"
"722","Ronald","Walker","523.224.9491 x31927","39408 Mona Stravenue","West Valentine","10"
"723","Roberto","Zemlak","485.946.4394","965 Ignacio Forest","Lake Christen","44"
"724","Lexie","Oberbrunner","537-921-6010 x39305","50166 Nikolaus Valley","Hellerbury","47"
"725","Matilde","Franecki","156.964.8831 x169","43550 Schowalter Flats","New Endamouth","16"
"726","Anton","Harber","000-373-8352 x566","2601 Bradtke Union","Stammton","30"
"727","Asley","Upton","1-393-900-1854 x52134","7966 Bergstrom Fork","New Lienbury","71"
"728","Hiram","Jerde","649.479.4664 x205","46658 Len Viaduct","Mayerport","98"
"729","Ellis","Shanahan","1-824-013-4371 x66539","31042 Streich Path","Runolfssonberg","42"
"730","Cristobal","Muller","943.981.5758","3387 McLaughlin Light","Mantefurt","50"
"731","Del","Lueilwitz","561-575-5396 x30707","6334 Angelo Point","Wolffview","66"
"732","Melia","Kutch","712-814-5564 x669","088 Wilmer Parks","Alethaton","88"
"733","Clarine","Breitenberg","182.876.9938 x6119","1649 Sherlene Extensions","West Laurence","95"
"734","Coy","Dibbert","964.433.7552","294 Ute Parkway","Littelfurt","91"
"735","Vernon","Crona","600.992.1738 x542","503 Jarrett Harbor","Clairburgh","5"
"736","Gene","Maggio","1-286-219-1250 x18600","84658 Pierre Forge","Linnmouth","5"
"737","Karon","Hagenes","146.256.1573","728 Bailey Park","Raefurt","19"
"738","Herta","Considine","428-494-1696 x8530","585 Alane Mission","Bryanstad","90"
"739","Mohammed","Hessel","400-388-9396 x0870","816 Joe Ridges","New Charleneton","73"
"740","Nicole","Gibson","1-618-839-2430","187 Hermiston Trace","North Jarod","82"
"741","Stephen","Satterfield","583-163-6705 x6361","329 Stark Ramp","Herzogborough","96"
"742","Rashad","Bayer","778-946-3619 x47996","952 Borer Mountains","Rickeychester","95"
"743","Marin","Langosh","1-806-092-6723 x162","15055 Hansen Groves","East Alvertafort","26"
"744","Angela","Lind","478.595.6782","12752 Bennie Vista","Marvinton","30"
"745","Collen","Weber","1-771-637-7027","7717 Hessel Forest","Bettyemouth","45"
"746","Virgil","Hartmann","344.490.4707 x6784","34446 Levi Spur","Trumanview","56"
"747","Joel","Hauck","877-083-1076 x986","98665 Nell Key","Darinbury","4"
"748","Lou","Legros","380-377-6119 x557","635 Pfannerstill Trail","East Jacinto","37"
"749","Ruben","Trantow","334-495-6169 x00348","67125 Booker Island","Lake Shantemouth","74"
"750","Heather","Swift","063.598.1078 x3023","97863 Bud River","South Edgarside","42"
"751","Annamae","Bayer","(507) 821-5090","9953 Karin Radial","Dwaynechester","73"
"752","Isadora","Haley","450.973.6970 x2404","0788 Cordell Radial","Vonfurt","15"
"753","Suk","Brekke","235-972-5887","68074 Markus Locks","Smithambury","20"
"754","Miquel","Gerlach","792.999.3741 x62759","473 Leonia Lane","South Fletcher","66"
"755","Phoebe","Hermann","(998) 430-8411","2902 Hane Coves","Lake Lakeshabury","29"
"756","Mellissa","Bartell","111-149-2806","146 Johnnie Garden","North Dolorisbury","50"
"757","Maximina","Hermiston","(052) 229-9546 x54395","8080 Jared Land","Gottliebfurt","27"
"758","Cleo","Beier","733-644-2489","4392 Wilkinson Rapid","Lednermouth","82"
"759","Mafalda","Jacobi","(469) 226-8920","9265 Reda Dam","New Gregghaven","55"
"760","Owen","Hackett","137.762.0851 x48961","79514 Heather Tunnel","Magnoliabury","38"
"761","Adrienne","Breitenberg","1-404-653-7985","5105 Mikel Village","McGlynnbury","71"
"762","Alexis","Rogahn","1-898-359-2273","9502 Daugherty Fort","Trangview","31"
"763","Grant","Borer","855.308.8414 x73404","91299 Marquardt Groves","South Lue","69"
"764","Yaeko","Feest","(009) 178-0347","936 Percy Overpass","Port Leafort","24"
"765","Columbus","Kilback","857-411-0049 x4783","76130 Christiansen Manors","Boganfort","94"
"766","Lanora","Crooks","(919) 636-2494 x8213","812 Upton Circles","North Donnie","57"
"767","Rocco","Corkery","1-613-758-8927 x214","19645 Welch Parkway","West Tiannaview","54"
"768","Maureen","Crist","(789) 503-4659 x051","5873 Hans Spurs","Runolfssonville","94"
"769","Emmy","Pacocha","799-686-9402 x24924","75872 Bernier Lodge","Reynaldaville","39"
"770","Aiko","Jones","1-760-704-9087 x9420","283 Adam Circle","Melberg","40"
"771","Donn","Waelchi","(596) 475-4081","067 King Parkways","Olenburgh","44"
"772","Annamaria","Conn","1-856-442-5730 x95575","654 Bertram Oval","Eunaton","87"
"773","Daron","Johns","(805) 014-3185 x8023","3346 Bode Fields","Lake Jestinestad","59"
"774","Flo","Feeney","(344) 196-0723 x7216","5469 Bradtke Neck","Donnbury","92"
"775","Sonja","Zemlak","1-679-901-3490 x281","16252 Genevive Turnpike","Numbershaven","62"
"776","Lindsey","Hoeger","156.978.1756","5242 Kozey Pine","South Zackhaven","24"
"777","Gene","Reilly","1-749-125-0210 x2391","3314 Tess Crescent","Dooleyshire","87"
"778","Lillian","Gottlieb","(193) 550-5693","939 Bechtelar Port","New Elvis","58"
"779","Leena","Osinski","391-979-2381 x93546","416 Adams Walks","West Reubenland","8"
"780","Elayne","Collins","(875) 689-4457 x2024","9289 Akilah Canyon","Port Therese","13"
"781","Manual","Carroll","435.009.3082 x617","1675 Stracke Locks","Collierview","99"
"782","Valentine","Koelpin","001-121-0572 x319","87528 Huels Flat","Genaromouth","25"
"783","Alex","Mohr","1-645-516-6980","1542 Johnson Street","Hangborough","31"
"784","Elisha","Dach","1-495-501-6954","54416 Mills Extensions","Kevinmouth","69"
"785","Carly","Schneider","(739) 860-9666 x94515","21420 Huels Plain","North Gitachester","70"
"786","Gerry","Kessler","1-923-772-7542","90055 Jacobson Green","North Maurice","27"
"787","Ernesto","Lynch","276.797.4207 x775","44479 Braun Hill","Keenanside","85"
"788","Ariel","Hirthe","1-196-023-8708 x115","00293 Jacobi Ford","Lake Johniefurt","78"
"789","Luba","Dibbert","1-717-245-3932 x122","37753 Conn Shoal","West Euniceville","99"
"790","Shamika","Altenwerth","1-079-743-3411 x432","99127 Reynaldo Curve","Port Gretta","28"
"791","Denisha","Dare","106-455-1435","918 Vina Springs","Juanfurt","49"
"792","Elliot","Erdman","482-991-8764","6116 Emogene Knolls","Schusterville","36"
"793","Tressie","Cummerata","287-145-6686 x67119","65204 Cartwright Street","Watersshire","34"
"794","Haywood","Effertz","664.844.1967 x972","3237 Yoko Extensions","South Usha","32"
"795","Daisy","Shields","971.248.2894 x0814","322 Rosendo Spur","Ariannahaven","7"
"796","Rocio","Moore","1-195-003-4364","1397 Von Harbors","Prosaccoton","4"
"797","Justina","Lindgren","326.866.3157","8114 Cummerata Throughway","South Loiseshire","32"
"798","Adeline","Muller","043.824.6928 x12694","07684 Chad River","South Kathlineland","85"
"799","Athena","Sauer","1-304-573-6602","963 Ronnie Neck","North Hueyton","85"
"800","Orville","McKenzie","(156) 862-5380","786 Willie Summit","Lake Raquelberg","52"
"801","Samuel","Cummerata","765.980.8931","0448 Merri Club","South Josephina","52"
"802","Rudolf","Effertz","309-306-2182 x708","9850 Waelchi Roads","Heathview","74"
"803","Nestor","Olson","(323) 668-6955 x12728","1792 Kiehn Inlet","Lake Domingoton","30"
"804","Wilbert","Johnston","865-241-1461","93221 Jerald Loop","East Esperanzaton","16"
"805","Candie","Stiedemann","247-561-0386","08974 Evon Fall","East Fermin","27"
"806","Boris","Johnson","108-438-7715 x80043","7327 Thiel Hollow","Runolfsdottirbury","40"
"807","Albert","Morar","408.816.6713","1244 Buckridge Forest","Lake Tobiasberg","38"
"808","Katharina","Pagac","1-660-084-4921","97064 Matt Road","Lawrenceberg","41"
"809","Sylvia","Champlin","(487) 676-5314","809 Jon Light","Lake Ira","51"
"810","Raphael","Zieme","(836) 417-4447 x883","1222 Darin Loop","Valstad","78"
"811","Anisha","Beatty","728-340-7152","67864 Verena River","South Zaneport","21"
"812","Elba","Grady","(849) 960-3428","1924 Nia Glens","Torphyfort","71"
"813","Eusebia","Bahringer","1-729-612-2452 x44936","016 Wm Square","New Danberg","51"
"814","Geraldine","Langosh","1-351-190-7370 x7808","479 Randall Stream","West Guadalupestad","24"
"815","Theron","Heidenreich","955-382-6283 x7537","51039 Abernathy Tunnel","East Lazaroland","74"
"816","Rubin","Weimann","556.485.5756 x5786","2044 Runolfsson Vista","Irismouth","83"
"817","Curtis","Rempel","(490) 305-5599 x417","102 Branden Plains","O'Haraland","8"
"818","Nicola","Dibbert","864-783-2447","1751 Kellie Stravenue","Lake Tracyburgh","55"
"819","Many","Jacobi","1-091-670-2046","2619 Wolff Valleys","Hahnberg","22"
"820","Kathleen","Denesik","310.373.6315 x680","26861 Fidela Underpass","Mooreburgh","2"
"821","Robby","Prohaska","1-384-513-7695","99569 Rosaria Bypass","New Virgen","69"
"822","Bernice","Fadel","1-910-480-1763 x94588","72415 Klein Fork","Nikolausview","1"
"823","Bernardo","Bins","(835) 496-3031 x4975","399 Cyril Locks","Lake Toccara","80"
"824","Courtney","Jones","691-124-0701","46695 Koelpin Burgs","New Napoleonchester","28"
"825","Gayle","Littel","(820) 186-5507","27884 Daysi Throughway","Port Leandroside","25"
"826","Tamekia","Breitenberg","(187) 874-5581","44142 Rex Underpass","Schillerborough","40"
"827","Candelaria","Nader","709.234.2715 x148","1031 Carmel Ford","Lake Darrellfurt","60"
"828","Marylou","Swaniawski","003.146.1550","9806 Marks Islands","New Chasidy","71"
"829","Sharan","Jast","(351) 666-2757","269 Mueller Extensions","North Mildredtown","19"
"830","Johnny","Goldner","1-376-684-5239","80885 Mills Vista","Edenshire","62"
"831","Brenna","Schulist","153.423.6548 x388","3335 Zulma Fork","Ianshire","16"
"832","Vernice","Heller","1-612-300-2268","85830 Rossie Junctions","New Levi","67"
"833","Claud","Quigley","662-363-2465 x772","02857 Isaiah Trace","Giovanniton","51"
"834","Murray","Stokes","548-195-5799 x54023","525 Clyde Centers","Corwinfort","80"
"835","Anthony","Stroman","1-037-579-4644 x612","211 Nikolaus Plain","Christopherfort","15"
"836","Ernesto","Leannon","411.967.4522 x69543","39336 Reilly Square","South Caitlin","93"
"837","Rickie","Rosenbaum","865.183.6674","40068 Larry Via","East Winford","9"
"838","Samual","McLaughlin","(056) 500-1159","475 Blanda Causeway","Lake Haroldhaven","89"
"839","Chantal","Konopelski","917.427.1613 x589","542 Nienow Rapid","South Oscar","44"
"840","Juliane","Monahan","769-522-6482","29246 Ruecker Road","West Cheryll","82"
"841","Humberto","Altenwerth","069.949.9937 x26531","50615 Nicolette Springs","Metzville","46"
"842","Rigoberto","Kautzer","(436) 655-6565 x74886","6730 Bins Turnpike","New Cindiberg","78"
"843","Randell","Kassulke","(516) 028-9512","234 Trish Lodge","Abshirefort","11"
"844","Jc","Heaney","(575) 317-9661 x267","021 Bechtelar Ridges","Thadbury","87"
"845","Nella","Franecki","1-245-843-2809","6638 Jacquetta Shoals","Carinbury","31"
"846","Dorsey","Nicolas","772-953-7444","7689 Irving Glen","Pollichville","45"
"847","Soraya","Runolfsdottir","023-822-6482","3595 Kihn Shores","Lake Jeffry","20"
"848","Hector","Gottlieb","154.211.7958 x139","93769 Theodore Mount","Augusthaven","5"
"849","Aurelio","Lindgren","016-609-1996","30874 Zieme Mountains","Pattiport","28"
"850","Otto","Bruen","234-158-3636","9021 Dorothy Street","Sanfordport","6"
"851","Claudio","Koepp","1-417-104-7059","885 Chris Islands","East Doraside","13"
"852","Verdell","Watsica","194-582-6049 x60292","761 Homenick Falls","North Paolastad","11"
"853","Alpha","Robel","613-631-5218","0487 Son Dale","Doylebury","62"
"854","Alton","Kihn","939.890.7695 x906","23996 Hildegard Greens","Macfurt","73"
"855","Rayford","Ortiz","193-089-8921 x9659","3377 Senger Prairie","Blanchview","47"
"856","Palmer","Mraz","000-717-5801 x323","055 Holli Cliffs","Sharaberg","1"
"857","Missy","Kshlerin","(816) 008-1979 x898","98641 Leonila Key","South Lilliana","87"
"858","Chantelle","Jenkins","356-191-8474 x01801","70088 Medhurst Fords","North Moshebury","35"
"859","Oralia","Green","083-067-4699 x068","99950 Schroeder Mill","Watersport","92"
"860","Agustina","Kertzmann","350.450.0352","12245 Kilback Hill","East Queeniemouth","1"
"861","Denyse","Larson","1-629-789-5225 x0998","8465 Kuhn Pike","North Sharon","81"
"862","Eura","Boyle","1-947-881-2993 x208","291 Shirleen Prairie","Leeshire","47"
"863","Javier","Hermann","(604) 410-6279","422 Schmeler River","Johnsonmouth","12"
"864","Mozella","Hickle","1-790-888-7701","49528 Auer Islands","East Vincentside","9"
"865","Boyd","Hudson","404-429-9926 x531","356 Denesik Harbors","Port Lyndonfort","58"
"866","Nicolas","Moore","1-354-036-9984 x265","820 Terry Knoll","Port Joanieside","75"
"867","Landon","Vandervort","749-108-4478 x42405","5566 Hauck Ridges","Julioville","60"
"868","Jared","Jones","846.438.0470 x400","683 Kattie Turnpike","Gudrunmouth","81"
"869","Kyla","Abbott","(547) 673-9457 x680","06087 Jean Tunnel","Hermannbury","62"
"870","Jesusa","O'Reilly","247.758.4027","041 Dietrich Ranch","Feilfurt","83"
"871","Wilfredo","Kilback","1-798-886-6954 x549","041 Gwenda Mills","South Taylorshire","71"
"872","Hildegarde","Schmitt","367-749-0532","4153 Ruecker Ranch","East Blairbury","5"
"873","Monty","Vandervort","860-502-5262 x781","9721 Stoltenberg Crescent","Millerfurt","26"
"874","Korey","Quitzon","(412) 811-4208 x54986","83522 Margot Wall","East Cheyennehaven","21"
"875","Hobert","Lindgren","031-036-6299 x0131","9284 Reinger Extension","Pourosstad","1"
"876","Gale","Gusikowski","1-635-241-2900 x3309","0177 Williamson Village","South Carenmouth","66"
"877","Yi","Rau","229-609-7448 x839","91182 Leontine Groves","New Rayborough","54"
"878","Claire","Howell","599.898.5642","95869 Cronin Shores","Port Lilliamview","86"
"879","Floyd","Macejkovic","149-459-5444","47080 Spencer Lights","North Shinstad","11"
"880","Florida","Blanda","405-556-4476","8224 Ruecker Valley","South Mauro","67"
"881","Lelah","McDermott","276-546-5883","50972 Francine Wall","Vonport","59"
"882","Elwood","Miller","(004) 360-1561 x970","541 Etha Prairie","Taniaberg","54"
"883","Ernie","Hilpert","(503) 385-7206","46788 Pierre Throughway","Franciscomouth","46"
"884","Particia","Bashirian","1-389-802-4889 x248","43279 Hackett Corner","Staceymouth","35"
"885","Percy","Gottlieb","1-435-465-9251","9468 Parisian Lights","East Jamieport","39"
"886","Alva","Bruen","1-343-664-1500 x07810","8093 Daugherty Circle","East Lianaland","50"
"887","Ariel","Leffler","1-651-877-0673 x08256","0800 Kshlerin Plains","East Carol","74"
"888","Kathline","Hermiston","(117) 596-1803","33648 Rashida Parkways","Larkinstad","52"
"889","Carlena","Waelchi","(155) 188-9680","2232 Ondricka Divide","Yasminemouth","80"
"890","Elli","Upton","253.048.2921 x62526","591 Mayert Circle","Larkinfurt","5"
"891","Nigel","Mayert","1-536-665-5534 x222","705 Hung Bypass","South Barrett","43"
"892","Bud","Kuhic","133.523.9537 x757","643 Funk Forks","Port Marisolville","81"
"893","Elida","Lowe","1-838-220-8357","1589 Berge Ranch","East Scottie","88"
"894","Mamie","Braun","831.662.5356 x6641","36486 Detra Valley","Tajuanatown","13"
"895","Kena","Wintheiser","(548) 661-3618","2906 Hermann Burgs","Port Fritz","48"
"896","Brad","Bartoletti","222-405-1642 x10050","2072 Gorczany Alley","Port Amosmouth","12"
"897","Clemente","Dibbert","(129) 237-0274 x189","2753 Berge Ferry","Junitabury","20"
"898","Leif","Mraz","201.377.6245 x0043","355 Esteban Circles","Ernserfurt","6"
"899","Brett","Gusikowski","845-118-4620","4337 Renita Key","Greggport","96"
"900","Luther","Wehner","208-914-8524 x18076","059 Hermiston Mill","Delorastown","56"
"901","Jamey","McCullough","(054) 595-9201 x96542","83079 Moore Throughway","Framiview","97"
"902","Dorian","Abernathy","758-560-5169 x7200","2258 Waylon Coves","Caridadton","81"
"903","Bev","O'Reilly","(763) 048-5761","542 Malcom Islands","Port Rickport","99"
"904","Gabriel","Kuhic","069-357-7780 x418","5603 McKenzie Creek","Lake Evita","1"
"905","Stephane","Huels","1-689-961-4123 x938","936 Brande Center","Ebertshire","34"
"906","Fred","Gorczany","509-280-7795 x149","8523 Huel Point","West Lorenza","4"
"907","Joellen","Hirthe","419.615.1356 x387","9244 Stan River","North Aldenburgh","65"
"908","Taren","Mitchell","(365) 485-6911","57741 Hans Ramp","East Othaview","70"
"909","Agatha","Wiegand","1-691-643-1430 x612","72002 Dibbert Knolls","South Jaimeville","14"
"910","Nada","Kris","880-199-0563 x575","0483 Refugio Brooks","Desmondville","9"
"911","Son","Considine","1-867-678-2643","2679 Mueller Motorway","Longland","41"
"912","Arlie","Funk","738.023.2899 x6828","5482 Crist Village","East Reinaldoborough","36"
"913","Patrick","Mann","571.271.8525","584 Shanika Union","Lake Hosealand","49"
"914","Donnell","VonRueden","1-646-627-2683 x56759","0917 Abernathy Lodge","East Delinda","89"
"915","Chadwick","Parisian","304.565.9371","8440 Jayson Extension","East Luigishire","67"
"916","Carmine","Hermiston","(423) 557-4042 x9122","106 Refugio Cove","Lindgrenmouth","63"
"917","Antwan","Reinger","678-472-3759 x512","24361 Ervin Keys","Schummside","30"
"918","Ahmad","Hudson","648-149-0625","34831 Chase Branch","West Soonbury","53"
"919","Marvella","Murphy","786.204.0490 x429","729 Hamill Overpass","Lake Sydneyhaven","12"
"920","Vince","Beahan","100-154-7192 x9093","9597 Hahn Plaza","Dorianchester","89"
"921","Elden","Goldner","1-227-790-6607 x542","1121 Renner Turnpike","East Tommyhaven","57"
"922","Randal","Roob","996-143-3766","56350 Nikolaus Landing","Lenoreshire","55"
"923","Nicky","Nienow","400-440-5827 x850","7008 Bernhard Pine","West Bernardinaborough","16"
"924","Freeman","Leuschke","326.872.3933 x173","296 Cummings Camp","Cronamouth","34"
"925","Blair","Fritsch","827-571-1633","95377 Sanford Mountain","Schusterborough","12"
"926","Heath","Kling","624-070-7106 x7426","6828 Zenaida Isle","Goodwinville","36"
"927","Calvin","Harris","361.087.4550 x58704","90506 Hassan Harbors","Maynardchester","86"
"928","Dan","Schaefer","(470) 363-8027 x37104","6619 Cummings View","Wunschhaven","41"
"929","Desire","Olson","(471) 939-5662","8904 Kerluke Field","Torphyside","41"
"930","Marisha","Haag","181-452-7822 x66916","653 Heathcote Oval","New Ruthann","85"
"931","Chung","Schneider","1-285-496-8359 x76743","45442 Otto Club","Blockshire","78"
"932","Bev","Marvin","195.482.3724 x18459","92636 Kihn Cape","Wilkinsonborough","69"
"933","Efrain","McKenzie","793.370.9918 x06568","0355 Jackeline Pines","North Cornellshire","28"
"934","Andrew","Wilkinson","(403) 190-0723","492 Nenita Junctions","West Willis","50"
"935","Jeniffer","Streich","1-116-474-6370 x22679","85711 Rohan Park","Lakinfort","36"
"936","Jon","Shanahan","399.256.7897 x8623","052 Schimmel Loaf","Carleyborough","67"
"937","Cheryll","Stiedemann","(995) 162-7954","2501 Jast Lodge","Odiliashire","3"
"938","Bessie","Feest","647-631-4257 x15419","2311 Doreen Drive","Turnermouth","79"
"939","Carly","Konopelski","278.304.8145","141 Kip Field","Kutchshire","22"
"940","Daryl","Howell","(940) 700-3599","2635 Golden Plains","South Idellfort","68"
"941","Walter","Wisoky","(215) 938-5278","201 Earle Pass","Kareemshire","58"
"942","Corinne","Gusikowski","070.731.0568 x878","67646 Johnnie Heights","Adalbertochester","71"
"943","Zack","Will","705-343-8170 x8418","9905 Feest Fort","Kirlinberg","66"
"944","Sherryl","Rempel","1-249-513-3588","256 Franecki Meadow","West Tovaborough","9"
"945","Adalberto","Abshire","1-896-957-9940","410 Kessler Branch","Binsville","5"
"946","Constance","Feeney","1-010-853-2114 x524","572 Theo Terrace","North Magaly","7"
"947","Antwan","Frami","243.763.0699 x605","50893 Leffler Skyway","Port Song","87"
"948","Azzie","Greenholt","207-849-7520 x3496","91299 Veum Circles","Port Tera","13"
"949","Pablo","Block","(708) 454-4033 x73431","9915 DuBuque Land","Verlinefurt","5"
"950","Bernardina","Rempel","795-317-7975","1100 Francesco Manor","Nicholemouth","63"
"951","Vicky","Bahringer","245-720-7978 x81579","0066 Waelchi Trail","Langoshmouth","0"
"952","Winnie","Williamson","1-741-725-0800","7051 Aliza Hollow","South Easter","56"
"953","Silas","Batz","248.945.2042 x6667","6287 Augustina Springs","Port Arron","2"
"954","Wilfredo","Pouros","(623) 154-9530 x0481","76296 Arianna Drive","Lake Glady","39"
"955","Ethelyn","Simonis","068.853.8054 x13782","496 Kiera Circle","Paulhaven","13"
"956","Arnold","Schaden","536-199-7755","674 Nienow Skyway","Port Beckyland","90"
"957","Dong","Hills","1-421-807-0954 x165","09531 Louis Plains","East Hobertshire","30"
"958","Wilton","Bashirian","782.277.3180 x1173","927 Emmerich Center","East Salvatoretown","88"
"959","Jeromy","Langworth","940.391.2949 x89415","55490 Kiersten Fort","Levifurt","17"
"960","Dorethea","Wuckert","(584) 513-1480","4434 Augustina Corner","Lefflertown","36"
"961","Reba","Howe","362-703-4425","794 Rina Turnpike","West Elva","93"
"962","Darryl","Senger","947.924.7699 x7364","142 Roxanna Ports","Ziemannchester","83"
"963","Jackeline","Senger","(473) 217-6354 x55210","798 Paucek Underpass","Hermistonland","10"
"964","Salvatore","Wiegand","760.937.5697 x20865","3194 Lehner Fields","Kiehnhaven","39"
"965","Zulma","Barrows","517.821.8462","32363 Jenette Harbor","Pfannerstillshire","98"
"966","Angelo","Schuster","312-992-3516","27964 Runolfsson Knoll","South Dee","85"
"967","Elliot","Hahn","1-102-548-8397","133 Yong Court","Herschelfurt","20"
"968","Samuel","Orn","349.655.3078","654 Timothy Isle","West Kareystad","73"
"969","Chrystal","Graham","451-607-3391","630 Scottie Falls","Boehmmouth","79"
"970","Toby","Crooks","(118) 878-6369 x20119","9516 Earle Views","Carrollfort","40"
"971","Vivan","Bernier","1-252-212-2864 x78421","9898 Wolf Forks","Melvinatown","55"
"972","Elois","VonRueden","1-595-410-9046 x0920","01026 Schumm Bridge","Port Willy","29"
"973","Shante","Paucek","222-474-1734 x561","9938 Mohammad Terrace","Wolfhaven","40"
"974","Florene","Langworth","721-416-4270 x91296","10929 Dickinson Turnpike","Cleopatraside","68"
"975","Maryanne","Torp","(582) 749-9738 x063","131 Blick Knoll","Port Tenesha","54"
"976","Jon","Kirlin","1-471-910-0055","163 John Flat","Lashundaside","37"
"977","Giselle","Carroll","771.826.8109","2145 Buford Roads","South Shirley","79"
"978","Rosalina","O'Conner","093-117-2000 x1247","576 Nickolas Alley","East Neva","6"
"979","Meta","Wolff","641.549.2593","911 Schroeder Island","Lake Jeninefurt","9"
"980","Hyon","Schulist","1-948-671-4378 x734","7494 Greenfelder Plaza","Hiramshire","25"
"981","Elizabet","Stanton","628-949-6750","4996 Waters Mountains","East Angel","93"
"982","Michal","Conroy","1-755-976-4981 x09296","9864 Williamson Vista","North Zachariah","23"
"983","Lisa","Wiza","179-168-4748 x92937","907 Hiroko Islands","Auerstad","68"
"984","Cruz","Thiel","(282) 526-1364 x85105","8512 Lamar Underpass","South Stefani","77"
"985","Alden","Boehm","(036) 117-4965","3383 Heller Burgs","Dickenschester","26"
"986","Sebastian","Ferry","475-836-7776 x65468","8128 Fritsch Club","Darellstad","81"
"987","Luisa","Leuschke","139-639-8775","2867 Heidenreich Spurs","Lake Reid","77"
"988","Wilfredo","Hansen","(486) 604-5859","1149 Nevada Field","East Franklinton","88"
"989","Krissy","Schaefer","704-939-4330 x5089","77903 Alfonzo Mews","Georgetown","11"
"990","Dona","Cartwright","1-265-929-9911","3213 Vickie Fork","Morissettestad","26"
"991","Nathanael","Terry","(700) 578-0663 x26561","6801 Klein Garden","Windlermouth","31"
"992","Randy","Schuppe","(991) 782-1371","04539 Nolan Spring","Port Miguel","52"
"993","Machelle","Treutel","(660) 610-5836 x47683","73698 Mayer Extensions","Stehrbury","29"
"994","Chery","Kessler","1-496-605-5337 x4673","8859 Hilpert Ways","Lake Tony","0"
"995","Neida","Pfannerstill","(841) 553-0135 x21939","9890 Natisha Shoals","Jamehaven","39"
"996","Breanna","Corwin","(797) 433-5221","089 Roberts Mill","Morissetteside","27"
"997","Kelly","McClure","(146) 141-6537 x95584","797 Bosco Loop","East Inga","95"
"998","Jeremy","Schultz","(141) 818-2961 x62129","716 Krajcik Squares","Gaylordmouth","60"
"999","Deja","Schinner","657-492-0923 x03042","439 Ramiro Cape","West Leopoldo","81"
"1000","Wendie","Hilll","(832) 231-9023 x346","897 Labadie Pass","East Romanport","49"
