"id","street","city","buildingNumber"
"1","al. Banach 43101","Podkowa Leśna","57"
"2","al. Szydłowski 2339","Buk","86"
"3","al. Sawicki 539","Wieruszów","14"
"4","ul. Jurkowski 4006","Michałowo","94"
"5","al. Dziuba 4489","Lubień Kujawski","58"
"6","al. Urbanowicz 148","Jabłonowo Pomorskie","96"
"7","al. Frątczak 284","Olesno","93"
"8","al. Pietrzyk 0370","Rypin","3"
"9","ul. Duda 3513","Kisielice","80"
"10","ul. Marchewka 999","Byczyna","83"
"11","ul. Rybak 7453","Ostrowiec Świętokrzyski","24"
"12","ul. Kłosowski 38188","Alwernia","17"
"13","al. Stanek 0892","Sompolno","52"
"14","al. Kwiatkowski 513","Wojkowice","23"
"15","al. Szymczyk 5848","Toruń","71"
"16","al. Rudzki 62823","Radomyśl Wielki","17"
"17","ul. Urbanowicz 8770","Lipsk","74"
"18","ul. Drozdowski 3042","Kołobrzeg","53"
"19","ul. Brzozowski 7550","Mosina","23"
"20","al. Czerniak 256","Nisko","78"
"21","al. Czechowski 23421","Siedlce","39"
"22","al. Rosiak 820","Krajenka","10"
"23","ul. Adamiec 78639","Nowy Targ","60"
"24","al. Wilczek 03695","Mosina","20"
"25","ul. Buczek 40173","Dynów","50"
"26","al. Jasiński 2941","Kalwaria Zebrzydowska","78"
"27","al. Sosnowski 22549","Bytom","28"
"28","ul. Tomala 695","Bochnia","0"
"29","al. Rosa 6169","Łazy","48"
"30","al. Jabłoński 58559","Sędziszów Małopolski","57"
"31","al. Majchrzak 3446","Przemków","39"
"32","ul. Bagiński 3431","Świdnik","19"
"33","ul. Bukowski 62695","Żukowo","1"
"34","al. Gawroński 98879","Gołańcz","65"
"35","al. Serafin 7132","Dolsk","90"
"36","al. Szymczyk 915","Lewin Brzeski","56"
"37","al. Winiarski 0523","Mogielnica","43"
"38","ul. Niewiadomski 78641","Kożuchów","16"
"39","al. Piątkowski 85838","Płock","82"
"40","al. Augustyniak 735","Bobowa","46"
"41","ul. Wojciechowski 12055","Mrocza","60"
"42","al. Krawiec 060","Stawiszyn","1"
"43","ul. Kujawski 8638","Aleksandrów Kujawski","82"
"44","ul. Miller 676","Brusy","69"
"45","ul. Bednarski 3244","Zbąszyń","43"
"46","al. Pasternak 3501","Luboń","6"
"47","ul. Pająk 993","Proszowice","96"
"48","ul. Pilarski 811","Pobiedziska","28"
"49","al. Klimczak 12852","Rabka-Zdrój","91"
"50","al. Zygmunt 995","Węgorzyno","81"
"51","ul. Pietrzyk 47862","Rudnik nad Sanem","25"
"52","al. Gwóźdź 232","Jasień","41"
"53","ul. Ossowski 6091","Polkowice","10"
"54","al. Filipiak 0854","Brok","54"
"55","ul. Walczak 444","Zgorzelec","74"
"56","ul. Filipek 11455","Szczytno","53"
"57","ul. Wojtczak 89496","Głuszyca","45"
"58","ul. Lasota 10028","Żary","49"
"59","ul. Białas 3939","Łasin","3"
"60","ul. Jastrzębski 1793","Boguchwała","76"
"61","al. Lewicki 903","Piława Górna","2"
"62","ul. Pilarski 9950","Golczewo","43"
"63","ul. Jezierski 4546","Biała Podlaska","6"
"64","al. Milczarek 6089","Raszków","34"
"65","ul. Maj 6074","Stawiszyn","28"
"66","ul. Stachura 3899","Tłuszcz","52"
"67","al. Leśniak 04631","Sulechów","94"
"68","al. Trojanowski 8822","Zawadzkie","78"
"69","ul. Kędziora 23897","Chodzież","78"
"70","ul. Broda 541","Lesko","29"
"71","ul. Czyż 9931","Kostrzyn","90"
"72","al. Stępniak 6477","Wolin","39"
"73","al. Sosnowski 355","Michałowo","91"
"74","ul. Królikowski 674","Olsztynek","60"
"75","ul. Drozd 1139","Szczucin","68"
"76","al. Kępa 17265","Łochów","26"
"77","ul. Popławski 5560","Czarna Woda","59"
"78","ul. Jastrzębski 0086","Wąchock","65"
"79","al. Skibiński 713","Żnin","43"
"80","ul. Frankowski 346","Białogard","61"
"81","al. Dębowski 1748","Przedecz","83"
"82","ul. Banasiak 482","Namysłów","27"
"83","al. Różycki 5429","Kalwaria Zebrzydowska","31"
"84","ul. Wojciechowski 70743","Gostynin","70"
"85","al. Piątkowski 0586","Piaski","62"
"86","al. Pawlik 701","Korfantów","84"
"87","ul. Wąsik 201","Pułtusk","14"
"88","al. Maślanka 902","Lubaczów","32"
"89","al. Tkaczyk 542","Baborów","55"
"90","al. Andrzejewski 08213","Toruń","47"
"91","ul. Paluch 8329","Sejny","33"
"92","al. Płonka 13923","Kock","7"
"93","al. Adamiec 870","Sejny","99"
"94","ul. Wroński 192","Poniatowa","57"
"95","ul. Pietras 6920","Prusice","45"
"96","al. Stanisławski 749","Bystrzyca Kłodzka","12"
"97","ul. Kogut 61807","Dobrzany","34"
"98","ul. Matusiak 0005","Osieczna","8"
"99","ul. Bogusz 34736","Wejherowo","4"
"100","ul. Chmiel 0161","Ostrów Wielkopolski","35"
"101","al. Zdunek 99937","Żmigród","62"
"102","al. Kolasa 9296","Olecko","41"
"103","al. Góral 58316","Złotów","15"
"104","al. Błaszczak 56793","Czaplinek","19"
"105","ul. Bąkowski 74549","Narol","58"
"106","al. Gawroński 39583","Wołomin","61"
"107","ul. Mucha 014","Frampol","48"
"108","ul. Czyż 257","Bartoszyce","62"
"109","al. Pająk 46168","Frombork","61"
"110","ul. Wilczek 6947","Kartuzy","58"
"111","ul. Jasiński 628","Baborów","1"
"112","ul. Wieczorek 724","Tarnowskie Góry","71"
"113","al. Maciąg 8538","Tczew","5"
"114","ul. Wawrzyniak 9838","Ciechocinek","12"
"115","al. Kolasa 40321","Legionowo","8"
"116","ul. Wypych 653","Mogielnica","46"
"117","al. Dziedzic 654","Ciechanowiec","15"
"118","al. Walczak 2747","Myszyniec","83"
"119","al. Drozd 5794","Gorzów Śląski","40"
"120","al. Sokołowski 19809","Gogolin","79"
"121","ul. Przybysz 786","Żychlin","64"
"122","ul. Młynarczyk 282","Kartuzy","65"
"123","ul. Więckowski 973","Miasteczko Śląskie","35"
"124","al. Walczak 2692","Skawina","69"
"125","al. Czech 1200","Czyżew","34"
"126","al. Grzesiak 82642","Radymno","63"
"127","ul. Kuliński 9785","Ciechanowiec","96"
"128","ul. Żak 525","Kętrzyn","72"
"129","ul. Kosowski 23530","Kielce","70"
"130","al. Trzeciak 542","Przedecz","40"
"131","ul. Rogalski 33880","Poniec","34"
"132","ul. Piekarski 8596","Jaworzno","74"
"133","al. Bednarek 39743","Świdnik","71"
"134","ul. Zając 250","Mieroszów","83"
"135","ul. Michalak 93880","Stąporków","87"
"136","ul. Murawski 524","Zdzieszowice","18"
"137","ul. Gaweł 337","Szlichtyngowa","90"
"138","ul. Malec 9293","Puck","49"
"139","ul. Dąbrowski 44087","Wielichowo","8"
"140","al. Puchalski 705","Wąchock","12"
"141","ul. Bilski 012","Będzin","93"
"142","al. Adamowicz 71263","Moryń","88"
"143","ul. Mucha 3135","Sokołów Małopolski","87"
"144","ul. Pietrzak 004","Knyszyn","32"
"145","ul. Sobieraj 5964","Lubawka","13"
"146","al. Flis 333","Imielin","66"
"147","al. Więcek 7647","Łaskarzew","7"
"148","ul. Krzyżanowski 711","Sokołów Małopolski","8"
"149","ul. Jóźwik 6464","Borek Wielkopolski","56"
"150","ul. Pawlak 7048","Gniezno","13"
"151","al. Zygmunt 06971","Kock","5"
"152","al. Stachowiak 609","Pilica","59"
"153","al. Czekaj 3808","Drezdenko","21"
"154","ul. Zaborowski 092","Dąbrowa Białostocka","12"
"155","al. Kłosowski 519","Sulejów","2"
"156","al. Kmieć 62815","Ostrów Mazowiecka","32"
"157","ul. Skowronek 768","Piwniczna-Zdrój","22"
"158","al. Smoliński 78260","Olkusz","51"
"159","al. Mikołajczak 957","Siewierz","98"
"160","ul. Skóra 8648","Barlinek","20"
"161","ul. Kot 40326","Lubin","18"
"162","ul. Trzciński 1206","Radłów","9"
"163","ul. Cebula 07242","Krynica Morska","4"
"164","ul. Misztal 73853","Biała Podlaska","82"
"165","ul. Mikulski 2595","Czyżew","28"
"166","al. Czerniak 0509","Gliwice","88"
"167","ul. Piórkowski 034","Leżajsk","22"
"168","ul. Dąbkowski 35862","Prudnik","41"
"169","al. Kaczorowski 69643","Mikołajki","16"
"170","ul. Matuszewski 51827","Cedynia","16"
"171","al. Kopczyński 4715","Międzybórz","98"
"172","al. Sawicki 9671","Poznań","47"
"173","al. Janusz 337","Jawor","84"
"174","ul. Buczkowski 790","Góra Kalwaria","34"
"175","ul. Komorowski 19455","Sławno","44"
"176","ul. Kaniewski 48816","Witkowo","3"
"177","ul. Zaręba 643","Myślenice","54"
"178","al. Szymański 5206","Muszyna","39"
"179","al. Szymkowiak 332","Korsze","88"
"180","ul. Brzozowski 0494","Rzepin","50"
"181","ul. Kacprzak 76578","Nowe Brzesko","62"
"182","ul. Gruszka 36212","Myszków","1"
"183","ul. Lenart 548","Borne Sulinowo","40"
"184","ul. Zych 07272","Żerków","29"
"185","al. Partyka 83984","Konstancin-Jeziorna","84"
"186","al. Wolak 7234","Wołomin","70"
"187","ul. Tokarski 31007","Góra Kalwaria","98"
"188","ul. Góra 865","Siewierz","83"
"189","al. Szafrański 3275","Włodawa","55"
"190","al. Kołodziejski 6239","Skarszewy","63"
"191","ul. Olejniczak 8666","Łobżenica","46"
"192","al. Sienkiewicz 80421","Sieniawa","11"
"193","ul. Kotowski 26607","Goniądz","11"
"194","ul. Bednarski 12451","Szczyrk","0"
"195","ul. Kostrzewa 37390","Kolonowskie","45"
"196","al. Szymczyk 3418","Ostrołęka","60"
"197","al. Kruszewski 29681","Wilamowice","89"
"198","al. Grudzień 08577","Gryfice","12"
"199","al. Olejnik 900","Torzym","0"
"200","al. Kosowski 4280","Jaworzno","48"
"201","ul. Rutkowski 8304","Głowno","54"
"202","ul. Kozioł 352","Barczewo","98"
"203","al. Rogalski 54215","Radomyśl Wielki","37"
"204","al. Ruciński 73563","Ropczyce","29"
"205","ul. Kacprzak 780","Piekary Śląskie","20"
"206","al. Muszyński 0433","Trzciel","20"
"207","ul. Buczyński 155","Wojcieszów","35"
"208","ul. Kowalczyk 4238","Międzyrzec Podlaski","66"
"209","ul. Kotowski 35624","Jedwabne","60"
"210","ul. Knapik 0124","Tuczno","50"
"211","ul. Matuszewski 44599","Czchów","21"
"212","ul. Lasota 7588","Żukowo","46"
"213","al. Jóźwik 1246","Nysa","10"
"214","al. Rybarczyk 24601","Chocianów","57"
"215","ul. Kołakowski 623","Chodzież","14"
"216","al. Szeląg 10948","Ostrów Wielkopolski","41"
"217","al. Markowski 49030","Skawina","58"
"218","ul. Bielski 77347","Zwoleń","13"
"219","ul. Witkowski 413","Siemianowice Śląskie","72"
"220","ul. Matysiak 0278","Złoczew","97"
"221","al. Ziętek 41517","Hajnówka","79"
"222","al. Czyżewski 8390","Ozorków","21"
"223","al. Matuszak 78636","Chociwel","77"
"224","ul. Więckowski 77189","Buk","6"
"225","ul. Maćkowiak 51096","Kolno","90"
"226","ul. Sobieraj 56748","Świebodzice","77"
"227","ul. Śliwa 71775","Orzesze","62"
"228","ul. Łuczak 58270","Prudnik","58"
"229","al. Malec 2585","Strzelno","45"
"230","ul. Szczygieł 9302","Tarnobrzeg","79"
"231","al. Lipski 63862","Jordanów","69"
"232","ul. Czaja 378","Sokołów Małopolski","73"
"233","ul. Malinowski 799","Dobrzany","95"
"234","ul. Mazur 7461","Miłakowo","44"
"235","al. Wilczyński 815","Nowy Sącz","92"
"236","ul. Borowski 31115","Czarna Woda","3"
"237","ul. Kruszewski 687","Czaplinek","51"
"238","al. Rogala 3514","Krzyż Wielkopolski","77"
"239","ul. Socha 684","Karlino","59"
"240","al. Janas 993","Nowe Miasto nad Pilicą","61"
"241","ul. Buczek 447","Małogoszcz","21"
"242","al. Markiewicz 06832","Suchedniów","74"
"243","ul. Nawrot 1630","Elbląg","81"
"244","ul. Wojtkowiak 6830","Iłża","98"
"245","ul. Ratajczak 1027","Pruszcz Gdański","64"
"246","al. Andrzejczak 195","Bartoszyce","46"
"247","al. Skowron 0921","Murowana Goślina","72"
"248","al. Kania 19437","Osieczna","49"
"249","al. Skowron 6074","Rabka-Zdrój","98"
"250","ul. Urbanowicz 107","Krasnobród","20"
"251","ul. Czech 79017","Nowe Skalmierzyce","30"
"252","al. Lech 53433","Resko","57"
"253","ul. Pluta 908","Nowy Staw","33"
"254","ul. Janus 550","Żmigród","45"
"255","ul. Zając 3755","Rzepin","42"
"256","al. Rutkowski 932","Stawiski","49"
"257","ul. Lewicki 3033","Ustrzyki Dolne","25"
"258","al. Banasik 57951","Przecław","62"
"259","al. Dąbrowski 0473","Żabno","69"
"260","al. Grochowski 301","Trzcianka","74"
"261","ul. Krajewski 1645","Pełczyce","35"
"262","ul. Zaremba 442","Sochaczew","73"
"263","ul. Czech 118","Niepołomice","96"
"264","al. Buczek 44956","Bardo","94"
"265","al. Fijałkowski 113","Sieraków","39"
"266","al. Ślusarczyk 874","Kolno","59"
"267","al. Bożek 8057","Bielsko-Biała","92"
"268","al. Nawrot 910","Grajewo","80"
"269","al. Bednarski 293","Pułtusk","73"
"270","ul. Chmiel 270","Zduńska Wola","6"
"271","al. Kurek 28616","Krzanowice","7"
"272","al. Lipka 93556","Łeba","86"
"273","ul. Stachowiak 4404","Dobre Miasto","54"
"274","al. Niedziela 0753","Kłodzko","56"
"275","al. Gąsior 961","Kęty","12"
"276","al. Kucharski 29127","Sulechów","23"
"277","ul. Nowiński 986","Legnica","83"
"278","ul. Maćkowiak 621","Sokółka","16"
"279","al. Kubik 50853","Tuchów","20"
"280","al. Frątczak 475","Koziegłowy","68"
"281","al. Grudzień 6546","Morąg","50"
"282","al. Szwarc 92132","Mrągowo","22"
"283","al. Brzozowski 439","Wieluń","87"
"284","ul. Kurowski 5502","Iłża","5"
"285","ul. Kępa 8656","Józefów (powiat otwocki)","7"
"286","al. Lipski 697","Boguchwała","38"
"287","ul. Włodarczyk 0308","Pilawa","19"
"288","al. Popławski 75624","Krośniewice","47"
"289","ul. Ruciński 29747","Krzyż Wielkopolski","79"
"290","al. Niemczyk 5182","Pabianice","82"
"291","al. Mazurkiewicz 4917","Kałuszyn","32"
"292","ul. Kosiński 348","Ożarów Mazowiecki","9"
"293","ul. Jarosz 48984","Osieczna","46"
"294","ul. Dominiak 89908","Biała Piska","50"
"295","ul. Konopka 626","Nowe","28"
"296","al. Turek 356","Rumia","18"
"297","ul. Niemiec 12857","Zator","73"
"298","al. Górecki 7689","Terespol","48"
"299","ul. Kosiński 927","Szklarska Poręba","72"
"300","ul. Bednarek 6000","Będzin","14"
"301","ul. Wójcicki 350","Police","1"
"302","al. Musiał 4783","Brzostek","62"
"303","ul. Adamiak 73171","Mrocza","77"
"304","ul. Piłat 199","Koziegłowy","62"
"305","al. Drozdowski 0163","Borek Wielkopolski","10"
"306","ul. Smoliński 278","Wisła","64"
"307","ul. Wnuk 0740","Lubsko","12"
"308","al. Michałowski 66260","Wieleń","7"
"309","ul. Bartnik 1793","Bogatynia","84"
"310","al. Grabowski 947","Sompolno","52"
"311","ul. Bober 33146","Susz","5"
"312","al. Lipski 6561","Czerwieńsk","16"
"313","ul. Banasik 80614","Wolsztyn","55"
"314","al. Czech 3482","Gniew","0"
"315","ul. Kaczorowski 706","Cybinka","76"
"316","ul. Mróz 856","Mogilno","20"
"317","al. Gutowski 9657","Jutrosin","13"
"318","al. Chudzik 938","Szamocin","63"
"319","al. Jakubiak 99241","Kalisz","55"
"320","ul. Przybyła 1986","Małogoszcz","97"
"321","ul. Niemiec 4673","Lewin Brzeski","31"
"322","ul. Szafrański 8988","Tyczyn","51"
"323","ul. Marszałek 74180","Brzeziny","29"
"324","al. Kaszuba 626","Dobra (powiat łobeski)","21"
"325","ul. Gajewski 9318","Bodzentyn","32"
"326","ul. Góral 7596","Niemodlin","19"
"327","al. Gadomski 03827","Głubczyce","33"
"328","al. Kuliński 65294","Muszyna","48"
"329","ul. Drozdowski 747","Żelechów","14"
"330","ul. Grabowski 626","Kolonowskie","29"
"331","ul. Borkowski 69692","Iłowa","93"
"332","al. Wypych 94605","Wleń","48"
"333","ul. Pilch 46930","Jedwabne","94"
"334","ul. Szcześniak 7405","Oborniki","22"
"335","ul. Trzciński 5670","Jabłonowo Pomorskie","52"
"336","ul. Szulc 2096","Kolbuszowa","72"
"337","al. Kaczmarski 280","Ujście","43"
"338","ul. Sitek 018","Kartuzy","53"
"339","ul. Kłos 15535","Lipsk","18"
"340","al. Kołodziejski 357","Sława","88"
"341","al. Grudzień 189","Bardo","51"
"342","ul. Woś 73964","Polanów","9"
"343","al. Pietrzyk 828","Kleczew","15"
"344","al. Flis 57838","Jędrzejów","17"
"345","al. Cieślak 086","Słupca","74"
"346","ul. Czyż 963","Ścinawa","27"
"347","ul. Góra 2244","Chełmża","59"
"348","ul. Chmielewski 596","Darłowo","60"
"349","al. Ziółkowski 3854","Orzysz","96"
"350","ul. Borek 9533","Polanica-Zdrój","96"
"351","al. Bartkowiak 371","Piła","33"
"352","al. Sikora 0941","Szczuczyn","73"
"353","ul. Laskowski 320","Połaniec","33"
"354","al. Woliński 896","Świątniki Górne","29"
"355","al. Aleksandrowicz 01114","Legnica","72"
"356","ul. Skalski 4504","Złocieniec","14"
"357","al. Żukowski 07177","Janikowo","66"
"358","al. Szatkowski 9038","Sierpc","63"
"359","ul. Kasprzak 3321","Łazy","89"
"360","ul. Urban 201","Chocianów","69"
"361","al. Bąk 93519","Piekary Śląskie","28"
"362","ul. Misztal 0125","Jasień","74"
"363","al. Karwowski 53947","Rejowiec Fabryczny","35"
"364","ul. Cebula 50725","Brześć Kujawski","72"
"365","ul. Orzechowski 954","Raszków","52"
"366","al. Rutkowski 18197","Kcynia","17"
"367","al. Kaniewski 368","Kleczew","19"
"368","ul. Maj 032","Stargard Szczeciński","37"
"369","al. Maliszewski 3097","Jawor","21"
"370","al. Grzegorczyk 23771","Starogard Gdański","4"
"371","ul. Zabłocki 827","Skalbmierz","95"
"372","ul. Bielski 683","Świętochłowice","52"
"373","al. Bednarczyk 1062","Wąsosz","20"
"374","ul. Żyła 173","Siewierz","65"
"375","ul. Jóźwik 17585","Skoki","86"
"376","ul. Konieczny 279","Częstochowa","65"
"377","al. Skoczylas 309","Iwonicz-Zdrój","39"
"378","ul. Matysiak 362","Bardo","12"
"379","al. Kosiński 61279","Kraków","47"
"380","ul. Szymczyk 20062","Bobowa","94"
"381","ul. Duszyński 133","Sieniawa","28"
"382","al. Karwowski 76925","Nekla","19"
"383","ul. Matuszewski 2352","Świdwin","80"
"384","al. Rybicki 1096","Głuchołazy","97"
"385","ul. Nowakowski 231","Czerwionka-Leszczyny","54"
"386","al. Skrzypek 005","Międzylesie","61"
"387","ul. Zych 583","Lędziny","66"
"388","al. Nawrocki 8722","Margonin","90"
"389","al. Wojtkowiak 0868","Brzeszcze","99"
"390","al. Rosiak 907","Milanówek","26"
"391","al. Brzozowski 9088","Biała Rawska","75"
"392","al. Kula 9333","Świebodzin","64"
"393","al. Szafrański 900","Prusice","50"
"394","al. Piątkowski 8020","Drohiczyn","63"
"395","al. Jakubiak 43423","Zawadzkie","16"
"396","ul. Skóra 75322","Bierutów","34"
"397","ul. Wroński 61351","Aleksandrów Łódzki","94"
"398","ul. Drabik 51065","Włodawa","68"
"399","al. Partyka 65942","Skierniewice","74"
"400","ul. Wierzbicki 347","Wieruszów","53"
"401","al. Hajduk 09938","Pyzdry","84"
"402","al. Dębski 121","Krzepice","98"
"403","ul. Wesołowski 43683","Krynica Morska","49"
"404","ul. Michalski 497","Łabiszyn","78"
"405","ul. Dziuba 06924","Biała","40"
"406","al. Piasecki 90380","Skoki","88"
"407","ul. Adamczyk 9348","Lędziny","91"
"408","ul. Rogowski 43299","Świdwin","4"
"409","ul. Czajkowski 021","Bydgoszcz","79"
"410","al. Zajączkowski 261","Rybnik","74"
"411","ul. Cieślik 702","Dąbie","46"
"412","al. Kujawski 32116","Ustrzyki Dolne","40"
"413","al. Pasternak 6787","Stalowa Wola","12"
"414","ul. Kwieciński 1787","Jordanów","34"
"415","ul. Szymkowiak 1410","Zbąszynek","58"
"416","al. Rudziński 042","Gorzów Śląski","74"
"417","ul. Chrzanowski 11519","Gryfów Śląski","83"
"418","ul. Prokop 22244","Zwierzyniec","95"
"419","ul. Lasota 990","Świdwin","45"
"420","al. Orzechowski 2871","Złotoryja","59"
"421","ul. Gąsior 602","Gościno","74"
"422","al. Walkowiak 56106","Narol","47"
"423","ul. Kalisz 723","Szczytno","7"
"424","ul. Szczygieł 6499","Sobótka","30"
"425","ul. Niedźwiecki 8870","Kleszczele","66"
"426","al. Bogucki 09973","Błonie","96"
"427","al. Grudzień 95259","Szczecinek","67"
"428","al. Michalik 82035","Jedlina-Zdrój","43"
"429","al. Klimek 93656","Gubin","73"
"430","ul. Klimek 563","Piechowice","43"
"431","ul. Maślanka 015","Wołomin","80"
"432","al. Kasperek 921","Podkowa Leśna","38"
"433","ul. Wolak 65473","Czyżew","86"
"434","al. Kostrzewa 285","Międzyrzec Podlaski","45"
"435","al. Wróblewski 5929","Sucha Beskidzka","80"
"436","ul. Kulig 06992","Więcbork","22"
"437","al. Gutowski 39371","Buk","56"
"438","al. Banaś 112","Dobre Miasto","26"
"439","al. Wojtkowiak 62919","Piotrków Kujawski","47"
"440","ul. Grzesik 7334","Wysokie Mazowieckie","82"
"441","al. Kępa 70442","Uniejów","23"
"442","al. Kasprzak 34233","Lubawa","73"
"443","ul. Mazurkiewicz 1744","Kostrzyn","52"
"444","ul. Bąkowski 743","Pieszyce","6"
"445","ul. Ciszewski 2413","Warka","88"
"446","al. Dudziak 825","Przemyśl","15"
"447","ul. Dudziak 615","Lębork","6"
"448","ul. Górecki 119","Krapkowice","95"
"449","ul. Gawlik 7907","Łasin","76"
"450","al. Gruszczyński 255","Grodzisk Mazowiecki","41"
"451","ul. Lipiński 086","Okonek","60"
"452","al. Góral 386","Korsze","96"
"453","al. Ptak 48260","Szamotuły","13"
"454","ul. Matuszak 117","Dobre Miasto","64"
"455","al. Jurkiewicz 1221","Bieruń","59"
"456","ul. Krupa 98849","Kielce","16"
"457","al. Dubiel 58689","Rogoźno","59"
"458","ul. Biernacki 600","Nowe","99"
"459","ul. Wojtasik 48279","Wyszków","60"
"460","al. Hajduk 12704","Chęciny","45"
"461","ul. Popławski 07369","Namysłów","54"
"462","al. Cholewa 86746","Mikstat","22"
"463","ul. Piórkowski 32943","Józefów (powiat biłgorajski)","50"
"464","al. Jóźwik 160","Myszków","34"
"465","ul. Pawłowski 084","Dobiegniew","93"
"466","ul. Czekaj 30565","Radków","8"
"467","ul. Radomski 000","Ostrzeszów","33"
"468","al. Szyszka 4506","Pyrzyce","15"
"469","ul. Kasprzak 1246","Częstochowa","5"
"470","al. Janiak 2729","Czyżew","54"
"471","al. Kowalik 7756","Iwonicz-Zdrój","59"
"472","ul. Wrona 0667","Grodzisk Wielkopolski","16"
"473","ul. Stachura 8153","Ryglice","15"
"474","al. Sikorski 822","Kępno","23"
"475","al. Grochowski 78472","Połczyn-Zdrój","7"
"476","ul. Bieniek 6352","Złoty Stok","69"
"477","ul. Marzec 61598","Starachowice","53"
"478","ul. Karpiński 077","Dziwnów","90"
"479","ul. Kozieł 5531","Zawidów","37"
"480","al. Kaniewski 5534","Chorzele","76"
"481","al. Kiełbasa 572","Polanica-Zdrój","99"
"482","ul. Słowik 54202","Przeworsk","61"
"483","ul. Maślanka 83116","Boguchwała","2"
"484","al. Stelmach 148","Wieleń","92"
"485","al. Lewandowski 44069","Ostroróg","35"
"486","ul. Stachowicz 96170","Czerniejewo","18"
"487","ul. Orłowski 38343","Tuchów","20"
"488","al. Czech 8614","Skórcz","90"
"489","ul. Woźniak 9618","Pajęczno","37"
"490","ul. Grzesiak 05178","Książ Wielkopolski","16"
"491","ul. Jezierski 311","Nowogrodziec","86"
"492","al. Różycki 9148","Złoty Stok","4"
"493","ul. Gawron 10117","Zgorzelec","32"
"494","ul. Rogalski 2950","Oborniki Śląskie","3"
"495","al. Lisiecki 95267","Suwałki","64"
"496","al. Bartosik 87499","Goleniów","58"
"497","ul. Bogusz 2688","Jasień","91"
"498","ul. Janus 49518","Sępopol","9"
"499","ul. Molenda 9601","Ogrodzieniec","17"
"500","al. Królikowski 7292","Krzepice","93"
"501","al. Czerniak 57830","Żabno","84"
"502","ul. Chojnacki 04645","Golczewo","13"
"503","al. Bielski 9029","Skawina","27"
"504","ul. Kozak 3077","Tarnów","66"
"505","ul. Kołodziejczyk 8377","Skórcz","76"
"506","ul. Szostak 38948","Grybów","97"
"507","ul. Pawlak 3430","Łaskarzew","49"
"508","ul. Skowroński 27006","Siedlce","28"
"509","ul. Kiełbasa 6114","Zduńska Wola","63"
"510","ul. Biernat 82688","Tuchola","49"
"511","al. Michalski 039","Opatów","89"
"512","al. Ratajczak 966","Iwonicz-Zdrój","67"
"513","al. Frankowski 96222","Prószków","15"
"514","ul. Buczek 856","Koniecpol","79"
"515","al. Dąbkowski 865","Ostrołęka","58"
"516","al. Kołakowski 6148","Nowe Miasteczko","3"
"517","ul. Urbanek 21124","Kamieńsk","72"
"518","al. Makowski 886","Dobczyce","88"
"519","al. Komorowski 9292","Ciężkowice","64"
"520","al. Kłos 424","Jasień","17"
"521","ul. Tokarski 71328","Pyrzyce","93"
"522","al. Filipiak 37457","Sochaczew","41"
"523","ul. Krawiec 40055","Łasin","57"
"524","al. Kaczmarek 340","Myślibórz","11"
"525","al. Lis 151","Olszyna","69"
"526","al. Raczyński 30107","Kępno","85"
"527","ul. Świderski 105","Puszczykowo","86"
"528","al. Jarząbek 09369","Radymno","58"
"529","ul. Jędrzejczyk 52296","Ożarów Mazowiecki","88"
"530","ul. Kowalik 768","Prószków","53"
"531","al. Tarnowski 5168","Tłuszcz","38"
"532","ul. Malec 65886","Brześć Kujawski","33"
"533","ul. Kaźmierczak 8850","Zwierzyniec","36"
"534","ul. Przybysz 190","Police","55"
"535","ul. Szulc 247","Kąty Wrocławskie","99"
"536","ul. Głogowski 219","Biskupiec","20"
"537","al. Jankowiak 2102","Biała","87"
"538","ul. Wiśniewski 19056","Swarzędz","75"
"539","ul. Cebula 49574","Obrzycko","58"
"540","al. Jaśkiewicz 9100","Imielin","55"
"541","al. Malicki 48605","Tuchów","99"
"542","ul. Staszewski 22697","Sokółka","96"
"543","ul. Golec 314","Reszel","71"
"544","ul. Mucha 972","Proszowice","85"
"545","ul. Szydłowski 99588","Podkowa Leśna","0"
"546","al. Gruszka 9742","Żabno","24"
"547","ul. Kowalczuk 64759","Łaziska Górne","58"
"548","al. Bogucki 89930","Tykocin","90"
"549","ul. Wolski 249","Sulęcin","92"
"550","al. Dominiak 3117","Zduńska Wola","95"
"551","ul. Kucharczyk 96826","Gorzów Wielkopolski","97"
"552","al. Borkowski 2602","Wołów","56"
"553","al. Majcher 49886","Żukowo","34"
"554","ul. Brzeziński 527","Nakło nad Notecią","40"
"555","ul. Janas 642","Władysławowo","32"
"556","ul. Matysiak 73847","Kuźnia Raciborska","52"
"557","ul. Sikorski 0721","Olecko","0"
"558","ul. Kruk 903","Sędziszów","28"
"559","al. Janus 22640","Brodnica","6"
"560","ul. Kita 602","Węgorzyno","7"
"561","ul. Skóra 46648","Bielsk Podlaski","8"
"562","ul. Robak 67631","Nysa","68"
"563","ul. Socha 89596","Polanica-Zdrój","53"
"564","al. Pawlik 5694","Drzewica","76"
"565","ul. Frączek 7932","Będzin","72"
"566","ul. Małek 636","Łęknica","70"
"567","al. Herman 3685","Radzionków","24"
"568","al. Gołębiewski 4824","Drzewica","48"
"569","ul. Kmiecik 72675","Radomyśl Wielki","10"
"570","al. Rogalski 01620","Babimost","12"
"571","ul. Malec 48855","Nowa Ruda","89"
"572","ul. Głogowski 3567","Andrychów","11"
"573","al. Świątek 222","Grudziądz","89"
"574","ul. Maliszewski 960","Jasło","60"
"575","ul. Kula 7048","Sulechów","85"
"576","ul. Kulesza 31652","Kock","82"
"577","al. Romanowski 0387","Koszalin","32"
"578","ul. Andrzejewski 78131","Raciąż","44"
"579","al. Markowski 065","Czarna Woda","16"
"580","al. Sowa 0198","Kamienna Góra","93"
"581","ul. Dróżdż 4690","Biecz","63"
"582","al. Krupa 1768","Pułtusk","66"
"583","ul. Prokop 7226","Lidzbark","14"
"584","al. Jaśkiewicz 96965","Gozdnica","16"
"585","ul. Dąbek 737","Miłakowo","58"
"586","al. Czekaj 8440","Jedlina-Zdrój","8"
"587","ul. Kita 41421","Aleksandrów Łódzki","39"
"588","ul. Pietras 795","Rogoźno","27"
"589","ul. Lach 929","Jedlicze","39"
"590","al. Kulesza 443","Miechów","99"
"591","ul. Białek 993","Łowicz","70"
"592","al. Sowa 20132","Żuromin","17"
"593","al. Kogut 1169","Złocieniec","63"
"594","al. Jakubiak 3951","Skaryszew","2"
"595","ul. Stefański 347","Łuków","92"
"596","al. Domagała 026","Bierutów","13"
"597","al. Wysocki 4811","Kórnik","49"
"598","al. Orłowski 01671","Biecz","52"
"599","al. Pałka 523","Głubczyce","71"
"600","al. Skalski 724","Dobrodzień","41"
"601","al. Frączek 78861","Bielawa","62"
"602","ul. Flak 870","Ińsko","89"
"603","al. Wilczyński 6028","Siemianowice Śląskie","46"
"604","ul. Kamiński 17096","Brzeszcze","43"
"605","ul. Borowiec 301","Cybinka","47"
"606","al. Kałuża 085","Bisztynek","7"
"607","ul. Kotowski 6046","Lubliniec","55"
"608","al. Wilczyński 605","Kołobrzeg","63"
"609","ul. Zięba 260","Pszczyna","29"
"610","al. Dąbkowski 557","Brzesko","87"
"611","ul. Zdunek 97519","Gogolin","98"
"612","ul. Niedzielski 713","Borek Wielkopolski","43"
"613","ul. Wolski 2591","Mszczonów","37"
"614","al. Kubik 21037","Knurów","78"
"615","al. Żurawski 210","Nowy Staw","72"
"616","ul. Mazur 0895","Śrem","23"
"617","al. Książek 31162","Górzno","26"
"618","al. Sochacki 01242","Dzierzgoń","91"
"619","al. Zakrzewski 263","Kępno","12"
"620","ul. Dudzik 5101","Olesno","12"
"621","ul. Kasperek 5900","Książ Wielkopolski","40"
"622","ul. Trzciński 60561","Nysa","85"
"623","ul. Dudzik 19327","Pieniężno","71"
"624","al. Kaźmierczak 527","Jedwabne","68"
"625","al. Kawa 22734","Siedlce","69"
"626","ul. Łukasiewicz 54516","Głuchołazy","96"
"627","ul. Mikulski 16227","Kożuchów","17"
"628","ul. Buczyński 505","Brzeg","29"
"629","ul. Kaźmierczak 51180","Człopa","36"
"630","ul. Cichoń 9684","Szczecin","69"
"631","ul. Krawczyk 7316","Świdnik","30"
"632","al. Dudziński 4593","Pasłęk","78"
"633","al. Adamczak 9770","Przedbórz","44"
"634","ul. Grzegorczyk 7759","Gogolin","51"
"635","ul. Kania 2500","Brzeszcze","19"
"636","al. Żuk 1763","Dęblin","39"
"637","ul. Kasprzak 2153","Resko","18"
"638","ul. Zalewski 46296","Kąty Wrocławskie","27"
"639","al. Maślanka 9866","Tychowo","94"
"640","al. Michalski 82708","Zakliczyn","35"
"641","ul. Januszewski 13425","Łęknica","5"
"642","al. Ruciński 943","Trzebinia","85"
"643","al. Szatkowski 6732","Konstancin-Jeziorna","0"
"644","ul. Adamczak 13420","Lubawka","69"
"645","ul. Tomczak 336","Recz","53"
"646","ul. Walczak 3867","Ciechanowiec","32"
"647","ul. Wrona 055","Kwidzyn","47"
"648","ul. Białkowski 162","Przasnysz","99"
"649","al. Zych 57705","Sława","64"
"650","ul. Góra 146","Świebodzin","9"
"651","al. Jagodziński 2697","Polkowice","66"
"652","al. Walkowiak 30012","Brzeg","43"
"653","ul. Piątkowski 464","Złoczew","18"
"654","al. Gaweł 61237","Rydzyna","7"
"655","al. Wrona 165","Maszewo","91"
"656","ul. Popławski 0469","Golina","50"
"657","al. Malec 41308","Wielichowo","66"
"658","ul. Bielak 56599","Łódź","82"
"659","ul. Gadomski 9014","Gąbin","74"
"660","al. Jagiełło 42215","Wyszogród","64"
"661","ul. Rybak 2952","Nowy Targ","96"
"662","ul. Grochowski 769","Darłowo","88"
"663","ul. Rosiński 36799","Grajewo","4"
"664","al. Cybulski 96140","Łask","24"
"665","ul. Marciniak 117","Dziwnów","60"
"666","al. Bąkowski 1514","Osieczna","78"
"667","ul. Miller 0159","Mirosławiec","27"
"668","ul. Drzewiecki 57833","Frombork","55"
"669","ul. Bartkowiak 9694","Złocieniec","35"
"670","al. Owczarek 69425","Sędziszów","92"
"671","al. Nowak 81320","Rzgów","47"
"672","ul. Czekaj 08890","Oświęcim","15"
"673","ul. Cieślik 59998","Ryn","80"
"674","al. Dębski 972","Wyrzysk","66"
"675","ul. Jankowiak 0310","Jasło","43"
"676","al. Januszewski 253","Biała","65"
"677","ul. Bogusz 9169","Lipsk","2"
"678","ul. Żebrowski 05164","Węgorzyno","28"
"679","ul. Bednarski 304","Kamień Krajeński","96"
"680","al. Grzybowski 305","Pasym","32"
"681","ul. Tkaczyk 117","Małogoszcz","82"
"682","ul. Małecki 45239","Szepietowo","0"
"683","al. Mazurkiewicz 9606","Wronki","39"
"684","al. Stanek 3331","Władysławowo","80"
"685","ul. Woliński 740","Żary","39"
"686","al. Świderski 555","Opole Lubelskie","61"
"687","ul. Cebula 654","Łańcut","0"
"688","al. Adamowicz 27361","Gniew","37"
"689","al. Wilczek 103","Szczawno-Zdrój","61"
"690","ul. Kujawski 3197","Żychlin","16"
"691","ul. Janusz 21786","Kościan","90"
"692","ul. Pająk 693","Szczecin","10"
"693","ul. Mierzejewski 943","Raszków","17"
"694","ul. Michalski 7967","Strzelce Opolskie","32"
"695","al. Mackiewicz 1186","Lesko","24"
"696","ul. Stolarczyk 0760","Skierniewice","81"
"697","ul. Ziętek 74980","Milicz","28"
"698","al. Karaś 48291","Łobżenica","46"
"699","al. Warchoł 923","Gubin","18"
"700","ul. Skoczylas 00633","Krosno Odrzańskie","13"
"701","al. Król 6188","Tolkmicko","38"
"702","ul. Mazur 0617","Ujazd","65"
"703","al. Sobolewski 329","Garwolin","82"
"704","al. Sobczak 028","Wieleń","23"
"705","al. Lewandowski 24809","Bardo","92"
"706","ul. Pakuła 775","Krasnystaw","64"
"707","al. Pająk 5922","Szczecin","69"
"708","al. Czajkowski 210","Szczytna","91"
"709","ul. Jurek 1284","Brusy","28"
"710","al. Drabik 042","Kunów","84"
"711","al. Szeląg 2445","Rzgów","86"
"712","ul. Trzciński 9641","Radziejów","62"
"713","ul. Kałuża 06181","Chmielnik","51"
"714","al. Górka 26651","Świnoujście","56"
"715","al. Dziedzic 1750","Murowana Goślina","99"
"716","al. Urbaniak 2818","Kostrzyn","39"
"717","al. Wojciechowski 0492","Buk","87"
"718","al. Szwarc 59396","Biała Podlaska","65"
"719","al. Skiba 21818","Koło","83"
"720","al. Rogala 4765","Płoty","72"
"721","ul. Grudzień 603","Mieszkowice","37"
"722","al. Ratajczak 28158","Opatów","70"
"723","ul. Tokarski 856","Opatów","13"
"724","al. Twardowski 9516","Legnica","59"
"725","ul. Karczewski 4784","Gryfino","74"
"726","ul. Noga 009","Inowrocław","85"
"727","al. Urbanek 62593","Szklarska Poręba","1"
"728","ul. Kawa 726","Glinojeck","95"
"729","al. Szczęsna 36826","Zawidów","2"
"730","ul. Kubicki 15479","Miasteczko Śląskie","42"
"731","al. Dziuba 34669","Ujście","0"
"732","al. Kasprzyk 065","Pilawa","2"
"733","al. Chrzanowski 23459","Mikstat","22"
"734","al. Sieradzki 6897","Konin","61"
"735","ul. Maciejewski 700","Kołaczyce","0"
"736","al. Kołodziej 913","Łaskarzew","39"
"737","al. Turek 0310","Nieszawa","68"
"738","ul. Sowiński 466","Strzelno","84"
"739","ul. Drozdowski 5587","Ożarów Mazowiecki","14"
"740","ul. Krupa 5707","Chorzele","18"
"741","al. Pawlak 847","Bochnia","90"
"742","al. Pilarski 5934","Piła","85"
"743","al. Więckowski 4505","Świątniki Górne","39"
"744","al. Mielczarek 248","Gniewkowo","36"
"745","al. Rogowski 05135","Kościerzyna","5"
"746","ul. Lesiak 7677","Alwernia","28"
"747","al. Wieczorek 885","Brusy","59"
"748","al. Przybył 0393","Myszyniec","43"
"749","ul. Nowak 3753","Konstantynów Łódzki","74"
"750","ul. Makowski 792","Legnica","12"
"751","ul. Kaniewski 474","Białogard","69"
"752","al. Łukasik 32774","Chorzele","26"
"753","ul. Juszczak 060","Terespol","18"
"754","ul. Wójtowicz 000","Łaskarzew","5"
"755","al. Góra 85055","Rybnik","70"
"756","ul. Marchewka 2784","Zakopane","56"
"757","ul. Matysiak 1662","Żyrardów","64"
"758","ul. Świerczyński 2016","Mrągowo","23"
"759","ul. Błaszczak 596","Drzewica","10"
"760","al. Burzyński 8038","Chęciny","39"
"761","al. Kuczyński 2647","Sianów","35"
"762","al. Cichoń 083","Rudnik nad Sanem","82"
"763","al. Owczarek 60408","Kuźnia Raciborska","32"
"764","ul. Kawa 2088","Myślenice","18"
"765","al. Molenda 29656","Łaskarzew","10"
"766","al. Zieliński 5702","Lubniewice","34"
"767","ul. Bożek 5250","Borek Wielkopolski","95"
"768","ul. Rak 35122","Lędziny","6"
"769","ul. Kowalski 66588","Jarosław","79"
"770","al. Kubacki 04674","Tczew","28"
"771","ul. Wójcik 653","Dobrzyń nad Wisłą","15"
"772","ul. Słowik 58172","Przeworsk","49"
"773","al. Socha 6459","Nowa Sól","80"
"774","ul. Borkowski 1625","Bobowa","54"
"775","ul. Dobosz 26364","Krosno Odrzańskie","9"
"776","ul. Kucharski 58033","Ciechanowiec","83"
"777","al. Jagiełło 157","Krasnobród","51"
"778","al. Sobieraj 74889","Jarosław","90"
"779","ul. Kubicki 4245","Pieńsk","21"
"780","ul. Adamek 002","Miejska Górka","61"
"781","al. Sosnowski 458","Różan","62"
"782","ul. Milewski 277","Brzeg","99"
"783","ul. Ślusarczyk 923","Ujście","67"
"784","al. Staniszewski 01718","Maków Podhalański","12"
"785","al. Szyszka 873","Mszczonów","88"
"786","ul. Borowiec 198","Obrzycko","74"
"787","al. Zdunek 437","Andrychów","10"
"788","ul. Łukasik 2973","Kargowa","26"
"789","al. Białas 6791","Tychowo","92"
"790","al. Jóźwik 6180","Kargowa","31"
"791","al. Woliński 0227","Niemcza","79"
"792","al. Stachowiak 13891","Drzewica","1"
"793","al. Świątek 65193","Krzywiń","72"
"794","al. Lewandowski 98877","Sanok","95"
"795","al. Mucha 407","Świątniki Górne","89"
"796","ul. Sroka 74861","Tczew","63"
"797","ul. Lisowski 422","Mikołów","57"
"798","ul. Cebula 933","Wronki","71"
"799","al. Żurawski 219","Kartuzy","1"
"800","al. Dąbkowski 6041","Poniatowa","53"
"801","al. Matysiak 6895","Dobrzyń nad Wisłą","9"
"802","al. Kuczyński 657","Biecz","13"
"803","al. Jurkiewicz 6151","Gniew","25"
"804","ul. Wrona 079","Lubraniec","88"
"805","al. Olejnik 22380","Grodzisk Wielkopolski","11"
"806","ul. Grzyb 88580","Sępólno Krajeńskie","18"
"807","al. Stankiewicz 858","Pieniężno","23"
"808","ul. Czyżewski 92978","Biała Rawska","12"
"809","ul. Wasilewski 08121","Węgorzewo","90"
"810","al. Paczkowski 457","Zawidów","74"
"811","ul. Skowronek 05340","Police","36"
"812","ul. Malicki 125","Nidzica","87"
"813","al. Borkowski 267","Piastów","20"
"814","ul. Kamiński 4431","Wodzisław Śląski","12"
"815","ul. Pilch 2866","Chojnice","73"
"816","al. Kaźmierczak 86979","Cybinka","40"
"817","ul. Kaleta 58213","Korfantów","81"
"818","al. Buczkowski 2167","Gryfino","1"
"819","al. Kołodziej 0167","Inowrocław","53"
"820","ul. Broda 33206","Wilamowice","4"
"821","ul. Cieślik 24416","Przeworsk","77"
"822","al. Borek 16146","Zagórów","25"
"823","al. Bujak 873","Gorzów Śląski","80"
"824","al. Rogala 38658","Gościno","62"
"825","al. Buczkowski 326","Ruda Śląska","86"
"826","ul. Kędzierski 5816","Annopol","42"
"827","ul. Szczęsny 242","Pasłęk","98"
"828","al. Sobolewski 36879","Kazimierz Dolny","6"
"829","ul. Białek 8400","Węgorzyno","67"
"830","al. Gołębiowski 0659","Polanica-Zdrój","22"
"831","ul. Górny 65208","Nowa Sól","64"
"832","ul. Baran 46769","Pruszków","84"
"833","ul. Adamowicz 0679","Strzyżów","0"
"834","ul. Konieczny 7373","Wyrzysk","25"
"835","al. Stolarczyk 80144","Koło","10"
"836","ul. Żuk 6135","Zabłudów","88"
"837","al. Kalisz 45488","Łaszczów","4"
"838","al. Witek 94366","Halinów","99"
"839","al. Kowalewski 3100","Żukowo","11"
"840","al. Adamek 78694","Jędrzejów","99"
"841","al. Błaszczak 780","Piekary Śląskie","88"
"842","al. Jezierski 7104","Pieniężno","70"
"843","ul. Michalczyk 0215","Jedlicze","10"
"844","al. Napierała 689","Czerniejewo","4"
"845","ul. Grzesiak 82627","Jeziorany","87"
"846","al. Ostrowski 8492","Torzym","14"
"847","ul. Sieradzki 818","Knurów","83"
"848","al. Stachurski 760","Piastów","7"
"849","ul. Zawada 2314","Olesno","71"
"850","al. Gaweł 0747","Białystok","46"
"851","al. Gałązka 62393","Bartoszyce","99"
"852","al. Kępa 7385","Lwówek","30"
"853","al. Budziński 781","Prudnik","60"
"854","al. Winiarski 43316","Zduńska Wola","99"
"855","ul. Zagórski 49126","Glinojeck","61"
"856","ul. Wilczyński 9535","Mikstat","4"
"857","ul. Jankowski 73258","Limanowa","71"
"858","ul. Nawrocki 092","Skarżysko-Kamienna","69"
"859","ul. Bartczak 698","Bierutów","94"
"860","ul. Kowalewski 91802","Bieżuń","34"
"861","al. Bartkowiak 996","Debrzno","36"
"862","ul. Białkowski 7134","Chrzanów","67"
"863","ul. Kubacki 91763","Kożuchów","44"
"864","al. Kozioł 72006","Kobylin","26"
"865","al. Adamus 9958","Dzierżoniów","72"
"866","ul. Kołodziej 6812","Dęblin","49"
"867","al. Niewiadomski 350","Słupca","23"
"868","ul. Ratajczak 5345","Nekla","83"
"869","al. Węgrzyn 8590","Działoszyn","40"
"870","ul. Piłat 91228","Niemcza","35"
"871","ul. Tkaczyk 2088","Inowrocław","42"
"872","ul. Wróbel 025","Lewin Brzeski","87"
"873","ul. Olejnik 79119","Trzcianka","12"
"874","ul. Domagała 171","Sejny","33"
"875","ul. Duda 7024","Bierutów","72"
"876","ul. Matysiak 244","Tyczyn","19"
"877","al. Jaworski 7490","Drawsko Pomorskie","82"
"878","ul. Tarnowski 8134","Parczew","97"
"879","al. Grzybowski 23469","Piwniczna-Zdrój","37"
"880","ul. Wojciechowski 533","Mława","38"
"881","al. Sołtys 14903","Dobrzyń nad Wisłą","68"
"882","ul. Lenart 2566","Małomice","37"
"883","al. Kasprzyk 82546","Płońsk","73"
"884","ul. Sobczak 09583","Drobin","23"
"885","ul. Nowacki 8354","Grodzisk Mazowiecki","40"
"886","al. Burzyński 117","Pobiedziska","56"
"887","al. Rudziński 44079","Zakopane","93"
"888","al. Woźniak 42746","Opole","53"
"889","al. Kaczmarek 96725","Poddębice","14"
"890","al. Kowalik 526","Krosno","79"
"891","al. Socha 05466","Skoczów","56"
"892","ul. Michałek 683","Gdańsk","5"
"893","al. Gałązka 94145","Cybinka","92"
"894","ul. Jarząbek 92002","Bytom","65"
"895","al. Adamiec 546","Radzyń Podlaski","15"
"896","al. Zawadzki 46587","Rumia","14"
"897","ul. Góral 1058","Chodecz","3"
"898","ul. Bogucki 412","Tarnów","22"
"899","ul. Koper 6735","Mszczonów","74"
"900","ul. Różański 0022","Mszczonów","10"
"901","ul. Malec 274","Ząbki","93"
"902","ul. Piotrowski 52169","Dobre Miasto","17"
"903","ul. Janiszewski 59973","Ryn","86"
"904","al. Wąsik 3830","Czyżew","78"
"905","ul. Dąbek 424","Nowy Dwór Gdański","33"
"906","al. Mróz 922","Pasłęk","70"
"907","ul. Jastrzębski 33100","Wysoka","5"
"908","ul. Matusiak 269","Skalbmierz","51"
"909","ul. Pietras 4137","Alwernia","27"
"910","al. Kaniewski 464","Malbork","89"
"911","al. Mielczarek 1203","Bydgoszcz","14"
"912","ul. Krawiec 643","Bardo","48"
"913","al. Śliwa 50182","Starogard Gdański","51"
"914","al. Bielak 8839","Wiązów","49"
"915","ul. Szczęsny 60209","Siechnice","99"
"916","al. Kostrzewa 4761","Złoczew","14"
"917","al. Kujawa 348","Chełmno","52"
"918","ul. Jastrzębski 0702","Lesko","8"
"919","ul. Smoliński 5904","Wolin","52"
"920","al. Piotrowicz 13910","Głuszyca","4"
"921","ul. Gołąb 411","Kraśnik","61"
"922","ul. Adamczyk 99236","Czarna Woda","97"
"923","ul. Kaczyński 695","Skępe","81"
"924","ul. Robak 946","Bieżuń","36"
"925","ul. Bujak 45018","Przemków","28"
"926","al. Adamiec 34957","Koszalin","0"
"927","ul. Zaremba 757","Choszczno","52"
"928","al. Kwieciński 1798","Golczewo","68"
"929","al. Maćkowiak 5078","Koprzywnica","27"
"930","ul. Skalski 03588","Brzesko","32"
"931","ul. Wolak 70604","Dolsk","15"
"932","ul. Nowaczyk 648","Radków","70"
"933","al. Gawroński 813","Kobyłka","48"
"934","al. Brzeziński 78137","Łazy","80"
"935","al. Sobieraj 813","Krośniewice","40"
"936","ul. Domański 8639","Chojnice","28"
"937","al. Grzywacz 7755","Będzin","39"
"938","ul. Marek 536","Grybów","74"
"939","ul. Pałka 9829","Świnoujście","78"
"940","al. Mazurek 96413","Biała Podlaska","51"
"941","al. Graczyk 087","Skoczów","60"
"942","al. Lisiecki 69161","Oleśnica","32"
"943","ul. Kawecki 214","Kunów","19"
"944","al. Pytel 4475","Nowy Tomyśl","11"
"945","al. Szczerba 27294","Kluczbork","99"
"946","al. Orłowski 74277","Torzym","26"
"947","al. Knapik 2241","Siemianowice Śląskie","94"
"948","ul. Banasik 098","Września","25"
"949","al. Maciąg 0255","Drzewica","84"
"950","al. Lipiński 50555","Ośno Lubuskie","10"
"951","al. Jagodziński 7798","Jarocin","91"
"952","al. Stankiewicz 90610","Woźniki","94"
"953","al. Cieślak 32311","Miłosław","82"
"954","ul. Strzelecki 567","Bisztynek","8"
"955","al. Król 766","Trzcianka","89"
"956","al. Bober 90706","Baranów Sandomierski","21"
"957","al. Orłowski 26744","Koło","51"
"958","ul. Pawlak 12597","Nowe Miasteczko","59"
"959","al. Kowalczuk 744","Witnica","39"
"960","ul. Białek 49813","Niemcza","82"
"961","al. Ziętek 0447","Twardogóra","40"
"962","al. Banasik 3888","Będzin","71"
"963","ul. Śliwa 0007","Czerniejewo","87"
"964","ul. Wasiak 027","Wysokie Mazowieckie","34"
"965","al. Łapiński 006","Wronki","23"
"966","al. Kujawa 36463","Reszel","10"
"967","al. Maćkowiak 86397","Jarosław","90"
"968","ul. Kowalik 57978","Warta","3"
"969","ul. Orłowski 9334","Kobyłka","61"
"970","al. Zawadzki 307","Lipiany","24"
"971","ul. Stefański 54853","Kłobuck","88"
"972","ul. Niedzielski 3808","Nowe Miasteczko","95"
"973","ul. Sokół 068","Wojkowice","45"
"974","ul. Wójcicki 814","Warta","38"
"975","ul. Maciejewski 512","Gostyń","80"
"976","al. Grzyb 052","Polanica-Zdrój","25"
"977","al. Zagórski 81002","Zabrze","84"
"978","ul. Kaczyński 232","Pieńsk","27"
"979","al. Maciąg 71717","Drawno","32"
"980","ul. Bartczak 737","Rawicz","10"
"981","al. Czechowski 7535","Niepołomice","84"
"982","al. Sieradzki 460","Jastrzębie-Zdrój","88"
"983","ul. Michalski 31212","Bytom Odrzański","47"
"984","al. Kulesza 5753","Janów Lubelski","81"
"985","ul. Modzelewski 4853","Nowy Sącz","63"
"986","al. Maciąg 6138","Środa Wielkopolska","11"
"987","ul. Radecki 238","Stronie Śląskie","71"
"988","ul. Skrzypek 892","Bieżuń","24"
"989","ul. Dziedzic 602","Pionki","13"
"990","ul. Janusz 8861","Kędzierzyn-Koźle","13"
"991","ul. Tarnowski 8535","Suchań","69"
"992","ul. Sokół 099","Kolonowskie","5"
"993","al. Wieczorek 752","Dukla","36"
"994","ul. Kubiak 20392","Pogorzela","22"
"995","ul. Janowski 34175","Pasłęk","16"
"996","ul. Szwed 377","Skaryszew","55"
"997","ul. Adamowicz 8048","Krynki","77"
"998","ul. Orłowski 47977","Alwernia","79"
"999","ul. Piątek 932","Dobiegniew","90"
"1000","al. Marczak 0185","Zalewo","1"
